player,name_key,matches,runs,balls_faced,fours,sixes,innings_batted,dismissals,ducks,low_score_le_5,score_25_plus,score_40_plus,score_60_plus,score_80_plus,score_100_plus,balls_bowled,runs_conceded,wickets,dot_balls,maidens,wides,no_balls,bowled_lbw_wickets,wickets_2_plus,wickets_3_plus,wickets_4_plus,wickets_5_plus,wickets_6_plus,catches,stumpings,runouts,two_catch_games
AS Roy,as roy,10,177,106,15,10,5,2,0,1,3,1,1,1,0,110,153,9,0,0,14,0,0,3,2,0,0,0,0,0,0,0
VR Iyer,vr iyer,10,56,54,9,0,4,3,0,0,0,0,0,0,0,66,111,2,0,0,2,0,0,0,0,0,0,0,0,0,0,0
Ramandeep Singh,ramandeep singh,9,70,37,5,5,3,1,0,0,1,0,0,0,0,100,172,5,0,0,13,0,0,1,0,0,0,0,0,0,0,0
Sanvir Singh,sanvir singh,9,58,29,6,3,3,2,0,1,1,0,0,0,0,90,144,6,0,0,5,0,0,2,0,0,0,0,0,0,0,0
RR Batham,rr batham,9,36,37,3,0,3,2,1,2,1,0,0,0,0,117,178,6,0,0,1,0,0,1,1,0,0,0,0,0,0,0
MJ Suthar,mj suthar,9,25,28,1,0,4,1,1,1,0,0,0,0,0,108,134,8,0,0,2,0,0,3,2,0,0,0,0,0,0,0
AM Rahane,am rahane,8,340,200,30,16,8,6,1,1,5,4,3,1,0,0,0,0,0,0,0,0,0,0,0,0,0,0,0,0,0,0
TD Agarwal,td agarwal,8,303,176,33,16,8,7,0,1,4,4,3,0,0,0,0,0,0,0,0,0,0,0,0,0,0,0,0,0,0,0
Aman Rao,aman rao,8,190,107,21,11,8,7,0,0,2,2,0,0,0,0,0,0,0,0,0,0,0,0,0,0,0,0,0,0,0,0
MS Pragnay Reddy,ms pragnay reddy,8,175,108,13,13,8,5,0,1,3,1,1,0,0,0,0,0,0,0,0,0,0,0,0,0,0,0,0,0,0,0
SD Jakhar,sd jakhar,8,40,25,2,4,2,2,0,1,1,0,0,0,0,93,152,8,0,0,1,0,0,4,0,0,0,0,0,0,0,0
Ashok Sharma,ashok sharma,8,17,11,0,2,3,2,1,2,0,0,0,0,0,109,173,10,0,0,4,4,0,3,2,1,0,0,0,0,0,0
A Kamboj,a kamboj,8,12,8,0,1,2,1,0,0,0,0,0,0,0,139,195,13,0,0,7,1,0,5,1,1,0,0,0,0,0,0
Harpreet Brar,harpreet brar,8,10,4,0,1,1,0,0,0,0,0,0,0,0,126,181,12,0,1,3,0,0,4,1,1,0,0,0,0,0,0
Sumit Kumar,sumit kumar,8,8,10,0,0,2,2,0,2,0,0,0,0,0,132,212,5,0,0,3,2,0,2,0,0,0,0,0,0,0,0
AR Easwaran,ar easwaran,7,266,175,27,11,7,6,0,1,3,2,1,1,1,0,0,0,0,0,0,0,0,0,0,0,0,0,0,0,0,0
Abishek Porel,abishek porel,7,225,128,29,9,7,7,0,0,4,4,0,0,0,0,0,0,0,0,0,0,0,0,0,0,0,0,0,0,0,0
Karan Lal,karan lal,7,219,112,18,17,7,7,1,2,3,3,1,1,1,0,0,0,0,0,0,0,0,0,0,0,0,0,0,0,0,0
RR Buddhi,rr buddhi,7,200,149,20,6,7,5,0,1,3,2,0,0,0,0,0,0,0,0,0,0,0,0,0,0,0,0,0,0,0,0
AA Kulkarni,aa kulkarni,7,144,106,15,5,4,3,0,1,2,1,1,1,0,34,41,1,0,0,0,0,0,0,0,0,0,0,0,0,0,0
MB Murasingh,mb murasingh,7,102,58,5,7,2,2,0,0,2,1,1,0,0,113,142,3,0,0,3,1,0,1,0,0,0,0,0,0,0,0
PN Mankad,pn mankad,7,101,56,10,6,3,3,0,0,2,1,0,0,0,54,87,3,0,0,2,0,0,1,0,0,0,0,0,0,0,0
T Thyagarajan,t thyagarajan,7,91,74,11,1,5,4,0,0,1,1,0,0,0,48,63,1,0,0,2,0,0,0,0,0,0,0,0,0,0,0
N Sindhu,n sindhu,7,77,51,7,3,4,4,0,1,2,0,0,0,0,42,62,1,0,0,1,0,0,0,0,0,0,0,0,0,0,0
Utkarsh Singh,utkarsh singh,7,74,55,12,1,4,4,0,2,1,1,0,0,0,19,45,1,0,0,0,0,0,0,0,0,0,0,0,0,0,0
PS Vats,ps vats,7,52,53,3,1,3,2,0,1,1,0,0,0,0,30,62,0,0,0,1,1,0,0,0,0,0,0,0,0,0,0
KV Sharma,kv sharma,7,36,28,4,2,3,1,0,1,0,0,0,0,0,84,136,2,0,0,3,0,0,0,0,0,0,0,0,0,0,0
Swapnil Singh,swapnil singh,7,28,28,0,1,2,2,0,1,0,0,0,0,0,96,118,9,0,0,3,0,0,3,2,0,0,0,0,0,0,0
SK Kashyap,sk kashyap,7,25,25,3,0,3,2,0,1,0,0,0,0,0,96,101,6,0,0,0,0,0,2,1,0,0,0,0,0,0,0
S Gani,s gani,7,19,19,4,0,3,3,0,2,0,0,0,0,0,71,121,3,0,0,2,0,0,1,0,0,0,0,0,0,0,0
Bal Krishna,bal krishna,7,17,24,1,1,2,1,0,1,0,0,0,0,0,99,149,7,0,0,8,0,0,2,1,0,0,0,0,0,0,0
AR Rana,ar rana,7,13,15,1,0,1,0,0,0,0,0,0,0,0,96,125,6,0,0,1,0,0,1,1,0,0,0,0,0,0,0
VG Arora,vg arora,7,8,6,1,0,1,1,0,0,0,0,0,0,0,118,186,8,0,0,7,0,0,2,1,0,0,0,0,0,0,0
Vikash Singh,vikash singh,7,6,5,1,0,2,1,0,1,0,0,0,0,0,82,119,5,0,0,4,0,0,1,0,0,0,0,0,0,0,0
Tripuresh Singh,tripuresh singh,7,5,3,1,0,1,1,0,1,0,0,0,0,0,126,168,8,0,0,1,3,0,3,1,0,0,0,0,0,0,0
BB Samantray,bb samantray,7,5,7,1,0,1,1,0,1,0,0,0,0,0,84,113,6,0,0,6,0,0,2,1,0,0,0,0,0,0,0
Rajesh Mohanty,rajesh mohanty,7,3,6,0,0,1,1,0,1,0,0,0,0,0,126,151,10,0,0,3,0,0,3,1,1,1,0,0,0,0,0
MR Surroch,mr surroch,7,3,6,0,0,1,1,0,1,0,0,0,0,0,120,177,8,0,0,2,0,0,3,1,0,0,0,0,0,0,0
Shivam Shukla,shivam shukla,7,1,2,0,0,1,0,0,0,0,0,0,0,0,127,158,10,0,0,1,0,0,3,2,0,0,0,0,0,0,0
Prince Yadav,prince yadav,7,1,2,0,0,1,1,0,1,0,0,0,0,0,140,189,8,0,0,2,1,0,3,1,0,0,0,0,0,0,0
SS Mishra,ss mishra,7,0,6,0,0,2,1,1,1,0,0,0,0,0,110,170,11,0,0,5,4,0,4,2,0,0,0,0,0,0,0
J Yadav,j yadav,7,0,1,0,0,1,1,1,1,0,0,0,0,0,132,156,8,0,0,0,0,0,2,1,1,0,0,0,0,0,0
Ashwani Kumar,ashwani kumar,7,0,0,0,0,0,0,0,0,0,0,0,0,0,132,230,4,0,0,15,1,0,1,0,0,0,0,0,0,0,0
A Mhatre,a mhatre,6,304,180,17,24,5,2,0,1,3,3,3,2,2,6,5,0,0,0,0,0,0,0,0,0,0,0,0,0,0,0
Ishan Kishan,ishan kishan,6,258,129,30,15,6,5,0,0,4,2,1,1,1,0,0,0,0,0,0,0,0,0,0,0,0,0,0,0,0,0
M Vohra,m vohra,6,226,162,21,10,6,5,1,1,4,3,2,0,0,0,0,0,0,0,0,0,0,0,0,0,0,0,0,0,0,0
Virat Singh,virat singh,6,205,122,12,14,6,4,0,1,3,3,1,0,0,0,0,0,0,0,0,0,0,0,0,0,0,0,0,0,0,0
K Sai Satwik,k sai satwik,6,201,170,24,2,6,4,0,0,3,2,1,0,0,0,0,0,0,0,0,0,0,0,0,0,0,0,0,0,0,0
K Kushagra,k kushagra,6,194,127,17,9,6,4,0,0,3,2,1,1,0,0,0,0,0,0,0,0,0,0,0,0,0,0,0,0,0,0
Amit Rajera,amit rajera,6,154,110,18,5,6,5,0,0,3,1,0,0,0,0,0,0,0,0,0,0,0,0,0,0,0,0,0,0,0,0
Arjun Azad,arjun azad,6,142,110,17,4,6,6,0,2,3,1,1,0,0,0,0,0,0,0,0,0,0,0,0,0,0,0,0,0,0,0
R Rajkumar,r rajkumar,6,127,71,7,11,4,3,0,0,1,1,1,1,0,18,41,0,0,0,0,0,0,0,0,0,0,0,0,0,0,0
SG Rawat,sg rawat,6,120,94,15,1,5,3,0,1,3,1,0,0,0,1,1,0,0,0,0,0,0,0,0,0,0,0,0,0,0,0
DJ Hooda,dj hooda,6,115,70,9,7,5,4,1,2,2,1,1,0,0,24,28,0,0,0,0,0,0,0,0,0,0,0,0,0,0,0
Akshat R Pandey,akshat r pandey,6,96,81,8,5,2,2,0,0,2,1,1,0,0,54,77,3,0,0,1,1,0,0,0,0,0,0,0,0,0,0
V Dhankhar,v dhankhar,6,85,59,5,6,4,3,0,0,2,0,0,0,0,19,24,1,0,0,0,0,0,0,0,0,0,0,0,0,0,0
SK Gharami,sk gharami,6,70,57,6,3,6,4,0,3,1,0,0,0,0,0,0,0,0,0,0,0,0,0,0,0,0,0,0,0,0,0
SG Singh,sg singh,6,61,41,6,3,1,1,0,0,1,1,1,0,0,102,103,8,0,0,1,0,0,2,1,0,0,0,0,0,0,0
A Badoni,a badoni,6,55,36,6,1,2,2,0,0,1,1,0,0,0,66,117,5,0,0,3,0,0,1,1,1,0,0,0,0,0,0
P Dubey,p dubey,6,54,35,6,1,3,2,0,0,1,0,0,0,0,50,44,7,0,0,1,0,0,3,1,0,0,0,0,0,0,0
V Patil,v patil,6,52,20,4,5,3,3,0,0,1,0,0,0,0,60,117,4,0,0,2,0,0,1,1,0,0,0,0,0,0,0
SA Roy,sa roy,6,46,43,7,0,3,3,0,2,1,1,0,0,0,36,40,1,0,0,0,0,0,0,0,0,0,0,0,0,0,0
J Suchith,j suchith,6,38,33,3,1,3,2,0,1,0,0,0,0,0,37,76,0,0,0,4,0,0,0,0,0,0,0,0,0,0,0
Arfaz Ahmed,arfaz ahmed,6,37,28,3,2,4,2,1,1,0,0,0,0,0,18,22,0,0,0,0,0,0,0,0,0,0,0,0,0,0,0
Y Chaudhary,y chaudhary,6,34,36,3,1,4,4,1,2,0,0,0,0,0,36,45,2,0,0,0,0,0,1,0,0,0,0,0,0,0,0
SS Agarwal,ss agarwal,6,27,26,1,1,2,2,0,1,0,0,0,0,0,84,91,6,0,0,1,0,0,2,0,0,0,0,0,0,0,0
AA Sengupta,aa sengupta,6,25,17,1,2,3,3,0,1,0,0,0,0,0,57,72,7,0,0,2,1,0,2,2,1,0,0,0,0,0,0
P Narang,p narang,6,25,17,1,2,3,1,0,1,0,0,0,0,0,48,79,0,0,0,2,0,0,0,0,0,0,0,0,0,0,0
Adil Ayub Tunda,adil ayub tunda,6,24,30,1,1,1,1,0,0,0,0,0,0,0,101,127,10,0,0,1,0,0,2,2,1,0,0,0,0,0,0
Abid Mushtaq,abid mushtaq,6,24,14,3,1,2,1,0,0,0,0,0,0,0,79,79,0,0,0,0,0,0,0,0,0,0,0,0,0,0,0
AA Choudhury,aa choudhury,6,23,53,1,1,3,3,1,1,0,0,0,0,0,72,68,5,0,0,1,0,0,2,0,0,0,0,0,0,0,0
MJ Dagar,mj dagar,6,22,14,2,1,1,1,0,0,0,0,0,0,0,95,168,4,0,0,0,0,0,2,0,0,0,0,0,0,0,0
R Sonu Yadav,r sonu yadav,6,21,19,2,0,3,2,0,2,0,0,0,0,0,54,67,4,0,0,2,1,0,2,0,0,0,0,0,0,0,0
KV Sasikanth,kv sasikanth,6,21,11,3,1,2,1,0,0,0,0,0,0,0,80,121,3,0,0,6,0,0,0,0,0,0,0,0,0,0,0
AJ Mandal,aj mandal,6,20,11,2,1,3,2,0,1,0,0,0,0,0,60,100,1,0,0,1,0,0,0,0,0,0,0,0,0,0,0
Mukhtar Hussain,mukhtar hussain,6,16,16,0,2,3,3,1,2,0,0,0,0,0,66,71,9,0,1,2,0,0,2,2,1,1,1,0,0,0,0
VK Ostwal,vk ostwal,6,15,13,2,0,3,1,0,0,0,0,0,0,0,72,69,4,0,0,0,0,0,1,1,0,0,0,0,0,0,0
SS Das,ss das,6,15,9,1,1,2,1,0,1,0,0,0,0,0,72,117,3,0,0,1,0,0,1,0,0,0,0,0,0,0,0
V Nigam,v nigam,6,13,15,1,0,1,1,0,0,0,0,0,0,0,120,131,10,0,0,2,1,0,4,2,0,0,0,0,0,0,0
R Sai Kishore,r sai kishore,6,13,16,2,0,3,3,0,2,0,0,0,0,0,54,117,1,0,0,0,0,0,0,0,0,0,0,0,0,0,0
Abhishek Sharma,abhishek sharma,6,10,8,2,0,2,2,0,1,0,0,0,0,0,66,100,6,0,0,3,1,0,2,1,0,0,0,0,0,0,0
Aman Hakim Khan,aman hakim khan,6,10,9,1,1,1,1,0,0,0,0,0,0,0,59,98,6,0,0,5,0,0,1,1,1,0,0,0,0,0,0
Shivam Mavi,shivam mavi,6,10,14,0,1,1,1,0,0,0,0,0,0,0,79,132,2,0,0,4,2,0,0,0,0,0,0,0,0,0,0
CA Karthik,ca karthik,6,5,8,0,0,1,1,0,1,0,0,0,0,0,108,127,5,0,0,3,1,0,1,0,0,0,0,0,0,0,0
RK Choudhary,rk choudhary,6,5,6,0,0,2,1,0,1,0,0,0,0,0,87,97,3,0,0,0,0,0,0,0,0,0,0,0,0,0,0
Auqib Nabi,auqib nabi,6,4,3,0,0,1,0,0,0,0,0,0,0,0,114,117,11,0,3,2,1,0,3,2,1,0,0,0,0,0,0
Yudhvir Singh,yudhvir singh,6,4,5,0,0,1,1,0,1,0,0,0,0,0,108,145,8,0,0,7,2,0,4,0,0,0,0,0,0,0,0
PVSN Raju,pvsn raju,6,4,4,0,0,1,0,0,0,0,0,0,0,0,96,148,6,0,0,6,1,0,1,1,0,0,0,0,0,0,0
K Kartikeya,k kartikeya,6,4,3,1,0,1,1,0,1,0,0,0,0,0,114,121,3,0,0,2,0,0,1,0,0,0,0,0,0,0,0
PR Veer,pr veer,6,3,4,0,0,1,1,0,1,0,0,0,0,0,120,125,7,0,0,1,0,0,2,1,0,0,0,0,0,0,0
Aryaman Singh,aryaman singh,6,3,5,0,0,1,0,0,0,0,0,0,0,0,84,125,2,0,0,1,0,0,1,0,0,0,0,0,0,0,0
M Ravi Kiran,m ravi kiran,6,2,2,0,0,2,0,0,0,0,0,0,0,0,78,80,4,0,0,3,0,0,1,0,0,0,0,0,0,0,0
B Kumar,b kumar,6,1,1,0,0,1,1,0,1,0,0,0,0,0,84,89,5,0,0,3,1,0,1,1,0,0,0,0,0,0,0
Mohit Rathee,mohit rathee,6,1,9,0,0,3,3,2,3,0,0,0,0,0,60,109,4,0,0,0,0,0,2,0,0,0,0,0,0,0,0
Prayash Singh,prayash singh,6,0,0,0,0,0,0,0,0,0,0,0,0,0,88,121,5,0,0,1,0,0,2,0,0,0,0,0,0,0,0
M Ashwin,m ashwin,6,0,2,0,0,1,1,1,1,0,0,0,0,0,96,110,5,0,0,4,0,0,2,0,0,0,0,0,0,0,0
SN Khan,sn khan,5,224,111,28,12,5,4,0,0,4,3,2,0,0,0,0,0,0,0,0,0,0,0,0,0,0,0,0,0,0,0
Yashvardhan Dalal,yashvardhan dalal,5,221,132,17,14,5,4,0,0,4,3,1,0,0,0,0,0,0,0,0,0,0,0,0,0,0,0,0,0,0,0
SS Prabhudessai,ss prabhudessai,5,206,139,14,8,4,2,0,1,3,3,2,0,0,6,17,0,0,0,0,0,0,0,0,0,0,0,0,0,0,0
Ankit Kumar,ankit kumar,5,190,122,26,4,5,4,1,1,3,3,2,0,0,0,0,0,0,0,0,0,0,0,0,0,0,0,0,0,0,0
AKV Ranga,akv ranga,5,187,108,15,13,5,5,0,0,3,1,1,1,0,0,0,0,0,0,0,0,0,0,0,0,0,0,0,0,0,0
Kranthi Kumar,kranthi kumar,5,185,114,17,5,5,3,0,2,3,2,2,0,0,0,0,0,0,0,0,0,0,0,0,0,0,0,0,0,0,0
K Ashwin Hebbar,k ashwin hebbar,5,175,126,13,8,5,5,0,1,3,2,1,0,0,0,0,0,0,0,0,0,0,0,0,0,0,0,0,0,0,0
UM Patel,um patel,5,168,66,14,16,5,4,1,2,2,1,1,1,1,0,0,0,0,0,0,0,0,0,0,0,0,0,0,0,0,0
Aarya Desai,aarya desai,5,158,113,18,4,5,4,0,1,3,2,1,0,0,0,0,0,0,0,0,0,0,0,0,0,0,0,0,0,0,0
VP Solanki,vp solanki,5,114,66,17,4,5,5,1,1,2,1,0,0,0,0,0,0,0,0,0,0,0,0,0,0,0,0,0,0,0,0
SS Garhwal,ss garhwal,5,112,63,12,8,4,4,1,1,3,1,0,0,0,6,12,0,0,0,0,0,0,0,0,0,0,0,0,0,0,0
Lalit Yadav,lalit yadav,5,106,74,10,2,4,1,0,0,1,1,0,0,0,6,18,0,0,0,0,0,0,0,0,0,0,0,0,0,0,0
KS Bharat,ks bharat,5,93,57,13,3,5,5,1,2,1,1,0,0,0,0,0,0,0,0,0,0,0,0,0,0,0,0,0,0,0,0
A Thapa,a thapa,5,90,63,10,1,5,3,0,1,2,0,0,0,0,0,0,0,0,0,0,0,0,0,0,0,0,0,0,0,0,0
JM Sharma,jm sharma,5,86,48,6,6,5,3,0,1,2,1,0,0,0,0,0,0,0,0,0,0,0,0,0,0,0,0,0,0,0,0
A Taide,a taide,5,83,58,11,3,4,4,1,1,1,1,0,0,0,6,12,0,0,0,0,0,0,0,0,0,0,0,0,0,0,0
MK Lomror,mk lomror,5,72,70,5,3,5,5,0,1,1,0,0,0,0,0,0,0,0,0,0,0,0,0,0,0,0,0,0,0,0,0
SK Rasheed,sk rasheed,5,71,67,4,2,4,2,0,2,1,1,0,0,0,6,10,0,0,0,0,0,0,0,0,0,0,0,0,0,0,0
Akash Deep,akash deep,5,67,25,4,7,5,3,1,2,1,0,0,0,0,0,0,0,0,0,0,0,0,0,0,0,0,0,0,0,0,0
RK Bhui,rk bhui,5,66,57,4,3,5,3,0,1,1,0,0,0,0,0,0,0,0,0,0,0,0,0,0,0,0,0,0,0,0,0
Shahbaz Ahmed,shahbaz ahmed,5,60,45,5,2,5,3,2,3,1,0,0,0,0,0,0,0,0,0,0,0,0,0,0,0,0,0,0,0,0,0
HS Dubey,hs dubey,5,49,45,4,0,2,2,0,0,1,0,0,0,0,72,85,4,0,0,1,0,0,2,0,0,0,0,0,0,0,0
PJ Singh,pj singh,5,48,21,5,3,2,2,0,0,1,0,0,0,0,72,83,6,0,0,0,0,0,2,1,0,0,0,0,0,0,0
V Shankar,v shankar,5,48,44,3,1,2,2,0,0,1,0,0,0,0,54,65,2,0,0,0,0,0,1,0,0,0,0,0,0,0,0
S Hegde,s hegde,5,44,33,3,1,3,1,0,0,1,0,0,0,0,36,50,4,0,0,1,0,0,2,0,0,0,0,0,0,0,0
KL Nagarkoti,kl nagarkoti,5,40,38,1,3,2,1,0,1,1,0,0,0,0,66,119,7,0,0,6,0,0,3,1,0,0,0,0,0,0,0
AV Ankolekar,av ankolekar,5,40,15,2,4,3,2,0,1,1,0,0,0,0,37,54,2,0,0,2,0,0,1,0,0,0,0,0,0,0,0
CS Dhindsa,cs dhindsa,5,37,37,2,1,4,2,0,0,0,0,0,0,0,12,17,0,0,0,0,0,0,0,0,0,0,0,0,0,0,0
Jagjit Singh,jagjit singh,5,36,27,3,2,4,2,1,1,0,0,0,0,0,18,33,2,0,0,0,0,0,1,0,0,0,0,0,0,0,0
DW Misal,dw misal,5,35,21,2,2,2,1,0,0,1,0,0,0,0,66,89,4,0,0,2,0,0,1,1,0,0,0,0,0,0,0
R Jonathan,r jonathan,5,30,13,5,1,1,1,0,0,1,0,0,0,0,83,84,7,0,0,6,1,0,2,2,1,0,0,0,0,0,0
AK Chowdhary,ak chowdhary,5,30,20,1,2,3,2,0,1,0,0,0,0,0,48,55,0,0,0,1,0,0,0,0,0,0,0,0,0,0,0
Rajan Kumar,rajan kumar,5,25,11,1,1,2,1,0,0,0,0,0,0,0,60,80,4,0,0,1,0,0,1,1,0,0,0,0,0,0,0
V Vyshak,v vyshak,5,25,13,3,1,3,1,0,1,0,0,0,0,0,36,36,3,0,0,0,0,0,1,0,0,0,0,0,0,0,0
SB Patil,sb patil,5,25,21,0,2,3,2,0,1,0,0,0,0,0,30,31,2,0,0,2,0,0,1,0,0,0,0,0,0,0,0
AS Tendulkar,as tendulkar,5,21,14,4,0,2,2,0,1,0,0,0,0,0,50,59,3,0,0,5,3,0,1,1,0,0,0,0,0,0,0
AG Daga,ag daga,5,20,21,2,1,3,3,1,2,0,0,0,0,0,24,41,0,0,0,2,0,0,0,0,0,0,0,0,0,0,0
IR Bhardwaj,ir bhardwaj,5,17,8,0,2,1,1,0,0,0,0,0,0,0,84,141,6,0,0,1,1,0,2,0,0,0,0,0,0,0,0
Gurnoor Brar,gurnoor brar,5,15,13,1,1,2,2,0,0,0,0,0,0,0,67,107,5,0,0,6,5,0,2,1,0,0,0,0,0,0,0
Jalaj S Saxena,jalaj s saxena,5,15,11,1,1,3,2,1,1,0,0,0,0,0,48,49,4,0,0,1,0,0,1,1,0,0,0,0,0,0,0
SKS Baral,sks baral,5,15,17,0,0,1,1,0,0,0,0,0,0,0,30,44,0,0,0,0,2,0,0,0,0,0,0,0,0,0,0
Abdul Ajij Kuraishi,abdul ajij kuraishi,5,14,10,1,1,3,2,0,1,0,0,0,0,0,36,37,1,0,0,1,0,0,0,0,0,0,0,0,0,0,0
DD Gaonkar,dd gaonkar,5,12,14,2,0,2,2,1,1,0,0,0,0,0,60,68,4,0,0,3,0,0,1,0,0,0,0,0,0,0,0
LA Sangma,la sangma,5,10,11,1,0,3,3,1,2,0,0,0,0,0,12,19,0,0,0,0,0,0,0,0,0,0,0,0,0,0,0
Saurabh Kumar,saurabh kumar,5,9,10,1,0,1,1,0,0,0,0,0,0,0,90,84,5,0,0,3,0,0,2,1,0,0,0,0,0,0,0
Mohd Izhar,mohd izhar,5,9,14,1,0,2,1,0,1,0,0,0,0,0,70,80,3,0,1,8,0,0,1,0,0,0,0,0,0,0,0
JD Unadkat,jd unadkat,5,8,10,0,1,1,1,0,0,0,0,0,0,0,96,117,7,0,0,0,0,0,2,1,0,0,0,0,0,0,0
IP Debnath,ip debnath,5,8,6,1,0,1,1,0,0,0,0,0,0,0,57,94,2,0,0,6,1,0,0,0,0,0,0,0,0,0,0
Abdul Basith,abdul basith,5,7,10,0,0,1,1,0,0,0,0,0,0,0,60,82,4,0,0,5,0,0,0,0,0,0,0,0,0,0,0
Naman Dhir,naman dhir,5,7,6,1,0,1,1,0,0,0,0,0,0,0,36,83,1,0,0,0,0,0,0,0,0,0,0,0,0,0,0
S Gopal,s gopal,5,6,6,1,0,3,2,1,2,0,0,0,0,0,42,42,4,0,0,1,0,0,1,1,0,0,0,0,0,0,0
SJK Majumdar,sjk majumdar,5,6,10,1,0,2,2,1,1,0,0,0,0,0,53,88,3,0,0,4,0,0,1,1,0,0,0,0,0,0,0
Sharafuddeen,sharafuddeen,5,6,2,0,1,1,1,0,0,0,0,0,0,0,60,79,3,0,0,0,0,0,0,0,0,0,0,0,0,0,0
Rajandeep Singh,rajandeep singh,5,6,8,1,0,1,1,0,0,0,0,0,0,0,72,116,2,0,0,2,0,0,1,0,0,0,0,0,0,0,0
Khalid Alam,khalid alam,5,5,14,0,0,2,2,0,2,0,0,0,0,0,48,70,1,0,0,0,0,0,0,0,0,0,0,0,0,0,0
SN Thakur,sn thakur,5,4,7,0,0,3,3,1,3,0,0,0,0,0,24,47,5,0,0,0,0,0,1,1,1,1,0,0,0,0,0
MD Nidheesh,md nidheesh,5,4,5,0,0,1,0,0,0,0,0,0,0,0,81,104,2,0,0,3,1,0,0,0,0,0,0,0,0,0,0
VK Saha,vk saha,5,3,4,0,0,1,0,0,0,0,0,0,0,0,84,112,5,0,0,2,0,0,2,0,0,0,0,0,0,0,0
DS Rathi,ds rathi,5,1,2,0,0,1,0,0,0,0,0,0,0,0,96,116,5,0,0,1,2,0,2,0,0,0,0,0,0,0,0
Ayush Goyal,ayush goyal,5,1,3,0,0,1,1,0,1,0,0,0,0,0,71,120,5,0,0,1,2,0,1,1,0,0,0,0,0,0,0
Suyash Sharma,suyash sharma,5,0,0,0,0,0,0,0,0,0,0,0,0,0,114,151,8,0,0,3,0,0,3,1,0,0,0,0,0,0,0
Yash Thakur,yash thakur,5,0,5,0,0,2,2,2,2,0,0,0,0,0,65,77,7,0,0,3,1,0,2,1,1,0,0,0,0,0,0
KC Cariappa,kc cariappa,5,0,0,0,0,0,0,0,0,0,0,0,0,0,116,144,7,0,0,1,2,0,3,1,0,0,0,0,0,0,0
B Lalnunfela,b lalnunfela,5,0,0,0,0,0,0,0,0,0,0,0,0,0,90,98,7,0,0,1,0,0,3,0,0,0,0,0,0,0,0
Y Prithvi Raj,y prithvi raj,5,0,0,0,0,0,0,0,0,0,0,0,0,0,108,106,7,0,1,5,0,0,2,1,0,0,0,0,0,0,0
C Sakariya,c sakariya,5,0,0,0,0,1,0,0,0,0,0,0,0,0,96,165,7,0,0,10,1,0,3,0,0,0,0,0,0,0,0
I Lemtur,i lemtur,5,0,1,0,0,1,1,1,1,0,0,0,0,0,78,95,6,0,0,3,0,0,2,0,0,0,0,0,0,0,0
TC Vanlalremruata,tc vanlalremruata,5,0,0,0,0,0,0,0,0,0,0,0,0,0,114,157,5,0,0,4,0,0,1,0,0,0,0,0,0,0,0
A Bihari Rai,a bihari rai,5,0,1,0,0,1,1,1,1,0,0,0,0,0,80,96,4,0,0,2,0,0,1,1,0,0,0,0,0,0,0
Badal Biswal,badal biswal,5,0,0,0,0,0,0,0,0,0,0,0,0,0,102,121,4,0,1,0,0,0,1,0,0,0,0,0,0,0,0
SR Lenka,sr lenka,5,0,0,0,0,0,0,0,0,0,0,0,0,0,90,151,4,0,0,0,0,0,1,1,0,0,0,0,0,0,0
KL Vanrotlinga,kl vanrotlinga,5,0,0,0,0,0,0,0,0,0,0,0,0,0,102,140,3,0,0,7,1,0,1,0,0,0,0,0,0,0,0
RD Chahar,rd chahar,5,0,0,0,0,0,0,0,0,0,0,0,0,0,96,165,3,0,0,1,1,0,0,0,0,0,0,0,0,0,0
R Smaran,r smaran,4,217,132,12,12,4,3,0,0,4,3,2,0,0,0,0,0,0,0,0,0,0,0,0,0,0,0,0,0,0,0
B Sai Sudharsan,b sai sudharsan,4,174,109,20,4,4,3,0,1,2,2,2,1,1,0,0,0,0,0,0,0,0,0,0,0,0,0,0,0,0,0
HP Gawli,hp gawli,4,173,129,15,6,4,3,0,1,3,2,2,0,0,0,0,0,0,0,0,0,0,0,0,0,0,0,0,0,0,0
PP Shaw,pp shaw,4,165,98,24,4,4,4,0,1,3,2,2,0,0,0,0,0,0,0,0,0,0,0,0,0,0,0,0,0,0,0
K Chandela,k chandela,4,160,109,16,7,4,4,0,0,2,2,1,1,0,0,0,0,0,0,0,0,0,0,0,0,0,0,0,0,0,0
Harpreet Singh,harpreet singh,4,157,108,19,2,4,3,1,1,3,2,1,0,0,0,0,0,0,0,0,0,0,0,0,0,0,0,0,0,0,0
SD Chauhan,sd chauhan,4,149,103,15,3,4,2,0,0,3,1,1,1,0,0,0,0,0,0,0,0,0,0,0,0,0,0,0,0,0,0
SA Yadav,sa yadav,4,145,106,14,5,4,3,0,0,4,1,0,0,0,0,0,0,0,0,0,0,0,0,0,0,0,0,0,0,0,0
SS Sharma,ss sharma,4,129,100,16,1,4,4,0,0,2,2,0,0,0,0,0,0,0,0,0,0,0,0,0,0,0,0,0,0,0,0
Mohit Ahlawat,mohit ahlawat,4,100,61,8,7,4,3,0,0,2,2,0,0,0,0,0,0,0,0,0,0,0,0,0,0,0,0,0,0,0,0
KS Rathore,ks rathore,4,90,75,7,2,4,2,0,0,3,0,0,0,0,0,0,0,0,0,0,0,0,0,0,0,0,0,0,0,0,0
AR Mokhade,ar mokhade,4,87,59,7,5,4,3,0,2,1,1,1,0,0,0,0,0,0,0,0,0,0,0,0,0,0,0,0,0,0,0
AA Sheth,aa sheth,4,85,65,5,3,3,3,0,1,2,1,0,0,0,12,26,1,0,0,0,0,0,0,0,0,0,0,0,0,0,0
Nikhil Thakur,nikhil thakur,4,83,68,12,1,4,4,0,1,2,0,0,0,0,0,0,0,0,0,0,0,0,0,0,0,0,0,0,0,0,0
A Tejrana,a tejrana,4,82,61,6,4,4,4,1,1,1,1,0,0,0,0,0,0,0,0,0,0,0,0,0,0,0,0,0,0,0,0
N Rana,n rana,4,79,66,8,1,2,2,0,0,2,1,0,0,0,19,40,0,0,0,2,1,0,0,0,0,0,0,0,0,0,0
YD Keswani,yd keswani,4,78,58,5,4,4,3,0,0,2,0,0,0,0,0,0,0,0,0,0,0,0,0,0,0,0,0,0,0,0,0
Gurinder Singh,gurinder singh,4,72,69,3,1,4,2,0,0,1,0,0,0,0,0,0,0,0,0,0,0,0,0,0,0,0,0,0,0,0,0
RK Singh,rk singh,4,69,47,5,4,2,2,0,1,1,1,1,0,0,8,10,0,0,0,0,0,0,0,0,0,0,0,0,0,0,0
N Jagadeesan,n jagadeesan,4,66,52,6,1,4,3,0,1,0,0,0,0,0,0,0,0,0,0,0,0,0,0,0,0,0,0,0,0,0,0
KK Nair,kk nair,4,63,48,7,1,4,4,0,2,1,1,0,0,0,0,0,0,0,0,0,0,0,0,0,0,0,0,0,0,0,0
Gaurav Puri,gaurav puri,4,63,40,3,5,4,3,0,0,1,0,0,0,0,0,0,0,0,0,0,0,0,0,0,0,0,0,0,0,0,0
S Bhambri,s bhambri,4,59,63,6,0,4,4,0,2,1,1,0,0,0,0,0,0,0,0,0,0,0,0,0,0,0,0,0,0,0,0
Tushar Raheja,tushar raheja,4,57,40,7,2,4,4,1,2,2,0,0,0,0,0,0,0,0,0,0,0,0,0,0,0,0,0,0,0,0,0
WB Chatterjee,wb chatterjee,4,55,52,5,1,4,4,0,2,1,1,0,0,0,0,0,0,0,0,0,0,0,0,0,0,0,0,0,0,0,0
S Ghadigaonkar,s ghadigaonkar,4,52,43,3,2,4,4,1,2,1,1,0,0,0,0,0,0,0,0,0,0,0,0,0,0,0,0,0,0,0,0
AR Sharma,ar sharma,4,51,34,4,3,3,3,0,1,1,0,0,0,0,10,27,1,0,0,0,1,0,0,0,0,0,0,0,0,0,0
MA Agarwal,ma agarwal,4,45,42,4,1,4,4,0,1,1,0,0,0,0,0,0,0,0,0,0,0,0,0,0,0,0,0,0,0,0,0
AK Tiwari,ak tiwari,4,43,37,0,4,3,3,1,2,1,1,0,0,0,21,42,0,0,0,1,0,0,0,0,0,0,0,0,0,0,0
SK Dangwal,sk dangwal,4,42,31,1,3,3,1,0,0,1,0,0,0,0,6,10,0,0,0,0,0,0,0,0,0,0,0,0,0,0,0
Nihar Deka,nihar deka,4,38,29,4,1,4,4,0,1,0,0,0,0,0,0,0,0,0,0,0,0,0,0,0,0,0,0,0,0,0,0
RS Gurung,rs gurung,4,36,26,2,2,2,2,0,0,0,0,0,0,0,48,62,1,0,0,1,0,0,0,0,0,0,0,0,0,0,0
Vishal Jayswal,vishal jayswal,4,36,27,1,3,3,3,1,1,0,0,0,0,0,18,21,0,0,0,0,0,0,0,0,0,0,0,0,0,0,0
AP Vasisht,ap vasisht,4,34,26,1,1,1,1,0,0,1,0,0,0,0,30,44,3,0,0,1,0,0,0,0,0,0,0,0,0,0,0
CS Jani,cs jani,4,33,25,1,2,2,2,0,0,0,0,0,0,0,30,34,1,0,0,0,0,0,0,0,0,0,0,0,0,0,0
Avneesh Sudha,avneesh sudha,4,30,23,4,0,2,2,0,1,1,0,0,0,0,42,51,2,0,0,0,0,0,1,0,0,0,0,0,0,0,0
Ravi Bishnoi,ravi bishnoi,4,28,20,4,0,2,1,0,1,1,0,0,0,0,34,55,4,0,0,2,1,0,2,0,0,0,0,0,0,0,0
DG Nalkande,dg nalkande,4,28,32,2,0,2,2,0,0,0,0,0,0,0,37,78,2,0,0,0,0,0,0,0,0,0,0,0,0,0,0
S Habib Gandhi,s habib gandhi,4,28,23,3,1,4,4,0,2,0,0,0,0,0,0,0,0,0,0,0,0,0,0,0,0,0,0,0,0,0,0
Swarajeet Das,swarajeet das,4,27,31,1,2,2,2,0,0,0,0,0,0,0,41,51,2,0,0,2,1,0,0,0,0,0,0,0,0,0,0
SM Jain,sm jain,4,26,35,2,0,4,3,1,2,0,0,0,0,0,0,0,0,0,0,0,0,0,0,0,0,0,0,0,0,0,0
VK Singh,vk singh,4,25,21,2,0,2,2,0,0,0,0,0,0,0,30,39,1,0,0,0,0,0,0,0,0,0,0,0,0,0,0
KH Pandya,kh pandya,4,24,29,1,1,3,3,0,2,0,0,0,0,0,18,31,1,0,0,1,0,0,0,0,0,0,0,0,0,0,0
Nabam Tempol,nabam tempol,4,24,31,1,0,2,2,0,0,0,0,0,0,0,24,40,0,0,0,1,0,0,0,0,0,0,0,0,0,0,0
Suryansh Shedge,suryansh shedge,4,23,18,1,1,2,2,0,0,0,0,0,0,0,24,29,0,0,0,1,0,0,0,0,0,0,0,0,0,0,0
T Neri,t neri,4,22,28,3,0,2,2,0,0,0,0,0,0,0,18,29,1,0,0,1,0,0,0,0,0,0,0,0,0,0,0
NS Sharma,ns sharma,4,22,15,3,1,3,2,0,0,0,0,0,0,0,12,22,0,0,0,0,0,0,0,0,0,0,0,0,0,0,0
AJ Siwach,aj siwach,4,22,21,2,1,4,1,1,1,0,0,0,0,0,0,0,0,0,0,0,0,0,0,0,0,0,0,0,0,0,0
HV Patel,hv patel,4,21,16,3,0,3,2,0,2,0,0,0,0,0,24,25,2,0,0,1,0,0,1,0,0,0,0,0,0,0,0
PJ Pramanik,pj pramanik,4,21,35,0,0,4,4,0,3,0,0,0,0,0,0,0,0,0,0,0,0,0,0,0,0,0,0,0,0,0,0
HM Patel,hm patel,4,20,14,2,1,3,2,0,0,0,0,0,0,0,24,24,2,0,0,0,0,0,1,0,0,0,0,0,0,0,0
L Kishan Singha,l kishan singha,4,20,10,2,1,1,1,0,0,0,0,0,0,0,72,73,1,0,0,0,0,0,0,0,0,0,0,0,0,0,0
VU Yadav,vu yadav,4,18,20,1,1,3,1,0,1,0,0,0,0,0,24,29,1,0,0,0,0,0,0,0,0,0,0,0,0,0,0
AR Nagwaswalla,ar nagwaswalla,4,15,11,1,1,2,1,0,0,0,0,0,0,0,41,53,0,0,0,4,0,0,0,0,0,0,0,0,0,0,0
NA Rathva,na rathva,4,14,14,2,0,2,2,0,1,0,0,0,0,0,42,65,2,0,0,2,0,0,1,0,0,0,0,0,0,0,0
Arshad Khan,arshad khan,4,13,8,1,0,2,1,0,0,0,0,0,0,0,42,52,2,0,0,1,0,0,1,0,0,0,0,0,0,0,0
Umran Malik,umran malik,4,12,9,1,1,1,1,0,0,0,0,0,0,0,48,98,1,0,0,4,1,0,0,0,0,0,0,0,0,0,0
V Koushik,v koushik,4,11,5,1,1,1,1,0,0,0,0,0,0,0,60,72,5,0,1,1,0,0,2,1,0,0,0,0,0,0,0
TNR Mohit,tnr mohit,4,11,10,0,1,2,1,0,1,0,0,0,0,0,48,56,3,0,0,3,0,0,1,0,0,0,0,0,0,0,0
Sakib Hussain,sakib hussain,4,11,10,2,0,1,0,0,0,0,0,0,0,0,43,87,2,0,0,2,1,0,0,0,0,0,0,0,0,0,0
Shashank Singh,shashank singh,4,11,21,0,0,3,3,1,2,0,0,0,0,0,12,17,0,0,0,0,0,0,0,0,0,0,0,0,0,0,0
S Dhiwan,s dhiwan,4,11,16,1,0,3,3,1,2,0,0,0,0,0,8,13,0,0,0,0,1,0,0,0,0,0,0,0,0,0,0
Gaurav Yadav,gaurav yadav,4,5,5,1,0,1,1,0,1,0,0,0,0,0,48,65,2,0,0,4,0,0,1,0,0,0,0,0,0,0,0
ARR Nongrum,arr nongrum,4,4,8,0,0,2,0,0,0,0,0,0,0,0,18,36,0,0,0,1,0,0,0,0,0,0,0,0,0,0,0
RS Hangargekar,rs hangargekar,4,2,1,0,0,1,1,0,1,0,0,0,0,0,70,83,4,0,1,1,0,0,1,0,0,0,0,0,0,0,0
Vishal Gaur,vishal gaur,4,2,9,0,0,2,2,1,2,0,0,0,0,0,30,67,1,0,0,1,0,0,0,0,0,0,0,0,0,0,0
ACC Sangma,acc sangma,4,2,5,0,0,2,2,1,2,0,0,0,0,0,36,60,0,0,0,2,0,0,0,0,0,0,0,0,0,0,0
T Natarajan,t natarajan,4,1,3,0,0,1,1,0,1,0,0,0,0,0,66,65,5,0,0,1,0,0,2,0,0,0,0,0,0,0,0
Kiran Laishram,kiran laishram,4,1,2,0,0,1,1,0,1,0,0,0,0,0,54,68,3,0,0,0,0,0,1,0,0,0,0,0,0,0,0
BS Konthoujam,bs konthoujam,4,0,0,0,0,1,0,0,0,0,0,0,0,0,64,59,6,0,0,3,0,0,2,1,0,0,0,0,0,0,0
AA Yeptho,aa yeptho,4,0,0,0,0,0,0,0,0,0,0,0,0,0,54,58,6,0,0,0,0,0,2,1,0,0,0,0,0,0,0
AN Guleria,an guleria,4,0,0,0,0,0,0,0,0,0,0,0,0,0,60,87,4,0,0,2,0,0,1,1,0,0,0,0,0,0,0
Shivang Kumar,shivang kumar,4,0,0,0,0,0,0,0,0,0,0,0,0,0,73,98,4,0,0,1,0,0,1,1,0,0,0,0,0,0,0
Sumit Lama,sumit lama,4,0,0,0,0,0,0,0,0,0,0,0,0,0,54,74,3,0,0,4,0,0,0,0,0,0,0,0,0,0,0
Gurjapneet Singh,gurjapneet singh,4,0,5,0,0,1,0,0,0,0,0,0,0,0,68,108,3,0,0,3,0,0,1,0,0,0,0,0,0,0,0
DP Borah,dp borah,4,0,0,0,0,0,0,0,0,0,0,0,0,0,64,65,3,0,0,0,0,0,0,0,0,0,0,0,0,0,0
Lone Nasir Muzaffar,lone nasir muzaffar,4,0,0,0,0,0,0,0,0,0,0,0,0,0,60,59,3,0,0,4,0,0,1,0,0,0,0,0,0,0,0
SS Kumar,ss kumar,4,0,0,0,0,0,0,0,0,0,0,0,0,0,49,85,2,0,0,2,1,0,1,0,0,0,0,0,0,0,0
Akash Singh,akash singh,4,0,0,0,0,0,0,0,0,0,0,0,0,0,78,113,2,0,0,5,0,0,0,0,0,0,0,0,0,0,0
V Kaverappa,v kaverappa,4,0,1,0,0,1,1,1,1,0,0,0,0,0,52,98,0,0,0,2,0,0,0,0,0,0,0,0,0,0,0
AN Khare,an khare,3,170,121,17,5,3,2,0,0,3,3,1,0,0,0,0,0,0,0,0,0,0,0,0,0,0,0,0,0,0,0
Anmolpreet Singh,anmolpreet singh,3,162,78,15,10,3,3,0,0,3,2,1,1,0,0,0,0,0,0,0,0,0,0,0,0,0,0,0,0,0,0
D Padikkal,d padikkal,3,160,107,23,3,3,3,0,0,3,2,2,0,0,0,0,0,0,0,0,0,0,0,0,0,0,0,0,0,0,0
DR Shorey,dr shorey,3,127,86,13,4,3,2,0,0,2,1,1,0,0,0,0,0,0,0,0,0,0,0,0,0,0,0,0,0,0,0
KU Bakhale,ku bakhale,3,126,98,13,2,3,3,0,1,2,2,1,0,0,0,0,0,0,0,0,0,0,0,0,0,0,0,0,0,0,0
S Arora,s arora,3,108,62,6,9,3,3,0,0,2,1,0,0,0,0,0,0,0,0,0,0,0,0,0,0,0,0,0,0,0,0
Ravi Singh,ravi singh,3,97,60,6,7,3,2,0,0,1,1,1,0,0,0,0,0,0,0,0,0,0,0,0,0,0,0,0,0,0,0
SDNV Prasad,sdnv prasad,3,94,63,5,6,3,1,0,1,2,1,0,0,0,0,0,0,0,0,0,0,0,0,0,0,0,0,0,0,0,0
R Ahir,r ahir,3,88,50,5,6,3,1,0,0,2,0,0,0,0,0,0,0,0,0,0,0,0,0,0,0,0,0,0,0,0,0
PPK Saikia,ppk saikia,3,88,91,11,1,3,2,0,1,2,2,0,0,0,0,0,0,0,0,0,0,0,0,0,0,0,0,0,0,0,0
Kishan Lyngdoh,kishan lyngdoh,3,85,70,8,3,3,2,0,0,1,1,0,0,0,0,0,0,0,0,0,0,0,0,0,0,0,0,0,0,0,0
BK Saurabh,bk saurabh,3,77,46,9,2,3,2,0,0,2,0,0,0,0,0,0,0,0,0,0,0,0,0,0,0,0,0,0,0,0,0
P Avinash,p avinash,3,77,62,6,4,3,3,0,0,1,1,0,0,0,0,0,0,0,0,0,0,0,0,0,0,0,0,0,0,0,0
Kartik Sharma,kartik sharma,3,69,40,3,6,3,3,0,0,1,0,0,0,0,0,0,0,0,0,0,0,0,0,0,0,0,0,0,0,0,0
RR Nikam,rr nikam,3,66,43,6,3,3,3,0,0,2,0,0,0,0,0,0,0,0,0,0,0,0,0,0,0,0,0,0,0,0,0
LSM Keishangbam,lsm keishangbam,3,64,46,6,0,2,2,0,0,2,0,0,0,0,6,10,0,0,0,0,0,0,0,0,0,0,0,0,0,0,0
Nakul Sharma,nakul sharma,3,60,48,4,3,3,3,0,0,1,0,0,0,0,0,0,0,0,0,0,0,0,0,0,0,0,0,0,0,0,0
AS Bhatewara,as bhatewara,3,59,55,9,0,3,3,0,1,1,1,0,0,0,0,0,0,0,0,0,0,0,0,0,0,0,0,0,0,0,0
S Dube,s dube,3,55,28,5,4,3,1,0,0,1,0,0,0,0,0,0,0,0,0,0,0,0,0,0,0,0,0,0,0,0,0
SR Deshmukh,sr deshmukh,3,53,43,5,2,3,2,0,0,1,0,0,0,0,0,0,0,0,0,0,0,0,0,0,0,0,0,0,0,0,0
HM Desai,hm desai,3,51,39,8,1,3,3,1,1,1,0,0,0,0,0,0,0,0,0,0,0,0,0,0,0,0,0,0,0,0,0
NC Joshi,nc joshi,3,51,52,3,3,3,3,0,1,1,0,0,0,0,0,0,0,0,0,0,0,0,0,0,0,0,0,0,0,0,0
VM Jadeja,vm jadeja,3,49,46,4,1,3,3,0,0,1,0,0,0,0,0,0,0,0,0,0,0,0,0,0,0,0,0,0,0,0,0
AA Loharuka,aa loharuka,3,48,50,6,1,3,3,1,1,1,0,0,0,0,0,0,0,0,0,0,0,0,0,0,0,0,0,0,0,0,0
PK Kumar,pk kumar,3,45,29,1,4,3,2,0,2,1,0,0,0,0,0,0,0,0,0,0,0,0,0,0,0,0,0,0,0,0,0
A Raghuvanshi,a raghuvanshi,3,45,33,6,0,3,2,1,1,1,0,0,0,0,0,0,0,0,0,0,0,0,0,0,0,0,0,0,0,0,0
Prabhsimran Singh,prabhsimran singh,3,42,24,4,3,3,3,0,0,0,0,0,0,0,0,0,0,0,0,0,0,0,0,0,0,0,0,0,0,0,0
AB Raj,ab raj,3,42,48,3,1,2,2,0,0,1,0,0,0,0,12,24,0,0,0,0,0,0,0,0,0,0,0,0,0,0,0
NS Virk,ns virk,3,42,41,2,1,3,3,0,0,1,0,0,0,0,0,0,0,0,0,0,0,0,0,0,0,0,0,0,0,0,0
NS Naik,ns naik,3,42,31,5,0,3,2,0,1,0,0,0,0,0,0,0,0,0,0,0,0,0,0,0,0,0,0,0,0,0,0
Bharat Sharma,bharat sharma,3,38,40,3,2,3,3,0,1,0,0,0,0,0,0,0,0,0,0,0,0,0,0,0,0,0,0,0,0,0,0
UD Yadav,ud yadav,3,35,28,4,1,3,3,0,1,0,0,0,0,0,0,0,0,0,0,0,0,0,0,0,0,0,0,0,0,0,0
S Chandrakar,s chandrakar,3,34,24,5,2,3,3,1,2,1,0,0,0,0,0,0,0,0,0,0,0,0,0,0,0,0,0,0,0,0,0
R Minz,r minz,3,34,30,2,1,3,3,0,1,1,0,0,0,0,0,0,0,0,0,0,0,0,0,0,0,0,0,0,0,0,0
HJ Tamore,hj tamore,3,33,24,3,1,3,2,0,1,0,0,0,0,0,0,0,0,0,0,0,0,0,0,0,0,0,0,0,0,0,0
BJ Pania,bj pania,3,31,20,0,3,3,1,0,1,1,0,0,0,0,0,0,0,0,0,0,0,0,0,0,0,0,0,0,0,0,0
JK Bhatt,jk bhatt,3,28,23,5,0,2,2,0,0,0,0,0,0,0,12,21,0,0,0,0,0,0,0,0,0,0,0,0,0,0,0
PM Yadav,pm yadav,3,26,18,1,2,3,3,0,1,0,0,0,0,0,0,0,0,0,0,0,0,0,0,0,0,0,0,0,0,0,0
V Bisht,v bisht,3,25,28,2,0,3,2,0,2,0,0,0,0,0,0,0,0,0,0,0,0,0,0,0,0,0,0,0,0,0,0
N Wadhera,n wadhera,3,21,21,1,0,2,1,0,0,0,0,0,0,0,12,19,2,0,0,0,0,0,1,0,0,0,0,0,0,0,0
KS Sharma,ks sharma,3,21,15,4,0,2,2,1,1,0,0,0,0,0,12,12,0,0,0,0,0,0,0,0,0,0,0,0,0,0,0
R Parag,r parag,3,19,31,0,0,3,3,1,2,0,0,0,0,0,0,0,0,0,0,0,0,0,0,0,0,0,0,0,0,0,0
V Sooryavanshi,v sooryavanshi,3,18,16,2,1,2,2,0,1,0,0,0,0,0,11,25,0,0,0,0,1,0,0,0,0,0,0,0,0,0,0
RM Patidar,rm patidar,3,18,20,1,0,3,3,1,2,0,0,0,0,0,0,0,0,0,0,0,0,0,0,0,0,0,0,0,0,0,0
AT Scaria,at scaria,3,16,18,0,1,1,1,0,0,0,0,0,0,0,36,32,1,0,0,0,0,0,0,0,0,0,0,0,0,0,0
Mohammed Shami,mohammed shami,3,16,19,2,0,3,2,0,2,0,0,0,0,0,0,0,0,0,0,0,0,0,0,0,0,0,0,0,0,0,0
MV Pithiya,mv pithiya,3,15,6,2,1,1,1,0,0,0,0,0,0,0,30,60,1,0,0,0,0,0,0,0,0,0,0,0,0,0,0
D Negi,d negi,3,15,16,1,0,3,3,0,2,0,0,0,0,0,0,0,0,0,0,0,0,0,0,0,0,0,0,0,0,0,0
N Pajni,n pajni,3,15,15,3,0,3,3,1,1,0,0,0,0,0,0,0,0,0,0,0,0,0,0,0,0,0,0,0,0,0,0
T Sanghvi,t sanghvi,3,14,11,2,0,2,0,0,0,0,0,0,0,0,21,23,3,0,0,0,0,0,1,1,0,0,0,0,0,0,0
N Tanwar,n tanwar,3,14,14,2,0,1,1,0,0,0,0,0,0,0,24,37,1,0,0,0,0,0,0,0,0,0,0,0,0,0,0
Jay Gohil,jay gohil,3,14,18,0,1,3,3,1,2,0,0,0,0,0,0,0,0,0,0,0,0,0,0,0,0,0,0,0,0,0,0
ASK Pandey,ask pandey,3,14,22,3,0,3,3,1,2,0,0,0,0,0,0,0,0,0,0,0,0,0,0,0,0,0,0,0,0,0,0
DA Jadeja,da jadeja,3,13,13,1,0,2,1,0,1,0,0,0,0,0,18,37,0,0,0,0,0,0,0,0,0,0,0,0,0,0,0
AU Verma,au verma,3,11,10,1,0,3,3,0,2,0,0,0,0,0,0,0,0,0,0,0,0,0,0,0,0,0,0,0,0,0,0
Rahul Singh,rahul singh,3,10,14,0,0,2,0,0,0,0,0,0,0,0,24,51,1,0,0,1,0,0,0,0,0,0,0,0,0,0,0
N Nitin Sai Yadav,n nitin sai yadav,3,10,15,1,0,2,1,1,1,0,0,0,0,0,24,18,0,0,0,0,0,0,0,0,0,0,0,0,0,0,0
A Dev Goud,a dev goud,3,8,13,0,1,2,1,0,0,0,0,0,0,0,18,34,1,0,0,0,0,0,0,0,0,0,0,0,0,0,0
YD Kadam,yd kadam,3,8,14,0,0,1,1,0,0,0,0,0,0,0,24,25,0,0,0,2,0,0,0,0,0,0,0,0,0,0,0
AN Kazi,an kazi,3,8,12,0,0,1,1,0,0,0,0,0,0,0,12,12,0,0,0,1,0,0,0,0,0,0,0,0,0,0,0
R Limbani,r limbani,3,7,2,0,1,1,0,0,0,0,0,0,0,0,42,70,3,0,0,2,0,0,1,1,0,0,0,0,0,0,0
Amit Ali,amit ali,3,7,6,1,0,1,1,0,0,0,0,0,0,0,30,48,2,0,0,0,0,0,0,0,0,0,0,0,0,0,0
Himan Phukan,himan phukan,3,7,3,0,1,1,1,0,0,0,0,0,0,0,24,38,1,0,0,1,0,0,0,0,0,0,0,0,0,0,0
AA Sarwate,aa sarwate,3,7,13,0,0,1,1,0,0,0,0,0,0,0,42,51,0,0,0,0,0,0,0,0,0,0,0,0,0,0,0
Rahul Chauhan,rahul chauhan,3,6,6,0,0,1,1,0,0,0,0,0,0,0,18,34,2,0,0,0,0,0,1,0,0,0,0,0,0,0,0
S Chaudhary,s chaudhary,3,6,8,1,0,1,1,0,0,0,0,0,0,0,42,40,2,0,0,0,0,0,1,0,0,0,0,0,0,0,0
Vipin Sharma,vipin sharma,3,6,5,1,0,1,0,0,0,0,0,0,0,0,42,72,1,0,0,0,1,0,0,0,0,0,0,0,0,0,0
SZ Mulani,sz mulani,3,5,6,1,0,2,1,0,1,0,0,0,0,0,24,18,1,0,0,0,0,0,0,0,0,0,0,0,0,0,0
S Gajjar,s gajjar,3,4,9,0,0,1,1,0,1,0,0,0,0,0,18,39,0,0,0,1,0,0,0,0,0,0,0,0,0,0,0
UT Yadav,ut yadav,3,3,3,0,0,1,0,0,0,0,0,0,0,0,48,82,2,0,0,1,0,0,1,0,0,0,0,0,0,0,0
C Rakshann Readdi,c rakshann readdi,3,2,2,0,0,1,0,0,0,0,0,0,0,0,47,75,3,0,0,2,0,0,1,0,0,0,0,0,0,0,0
NS Humtsoe,ns humtsoe,3,2,4,0,0,1,1,0,1,0,0,0,0,0,36,53,2,0,0,1,0,0,1,0,0,0,0,0,0,0,0
CV Stephen,cv stephen,3,2,3,0,0,1,0,0,0,0,0,0,0,0,42,70,2,0,0,3,0,0,1,0,0,0,0,0,0,0,0
Rasikh Salam,rasikh salam,3,2,3,0,0,2,1,0,1,0,0,0,0,0,12,21,0,0,0,0,0,0,0,0,0,0,0,0,0,0,0
TU Deshpande,tu deshpande,3,1,1,0,0,1,0,0,0,0,0,0,0,0,23,41,1,0,0,3,0,0,0,0,0,0,0,0,0,0,0
Vijai Raja,vijai raja,3,1,3,0,0,1,0,0,0,0,0,0,0,0,18,43,0,0,0,0,0,0,0,0,0,0,0,0,0,0,0
KM Asif,km asif,3,0,0,0,0,0,0,0,0,0,0,0,0,0,57,71,7,0,0,0,1,0,2,1,1,1,0,0,0,0,0
BM Chingakham,bm chingakham,3,0,1,0,0,1,1,1,1,0,0,0,0,0,48,42,5,0,0,1,1,0,2,1,0,0,0,0,0,0,0
K Nitish Kumar Reddy,k nitish kumar reddy,3,0,2,0,0,1,1,1,1,0,0,0,0,0,42,49,5,0,0,0,0,0,2,1,0,0,0,0,0,0,0
RA Sharma,ra sharma,3,0,0,0,0,0,0,0,0,0,0,0,0,0,71,102,4,0,0,2,1,0,2,0,0,0,0,0,0,0,0
V Puthur,v puthur,3,0,0,0,0,0,0,0,0,0,0,0,0,0,60,95,4,0,0,2,0,0,1,0,0,0,0,0,0,0,0
PR Bhut,pr bhut,3,0,0,0,0,0,0,0,0,0,0,0,0,0,66,71,4,0,1,0,0,0,1,1,0,0,0,0,0,0,0
Kartik Tyagi,kartik tyagi,3,0,0,0,0,0,0,0,0,0,0,0,0,0,66,91,4,0,0,4,1,0,1,1,0,0,0,0,0,0,0
PH Solanki,ph solanki,3,0,0,0,0,0,0,0,0,0,0,0,0,0,66,90,3,0,0,3,0,0,1,0,0,0,0,0,0,0,0
CV Milind,cv milind,3,0,1,0,0,1,1,1,1,0,0,0,0,0,46,67,2,0,0,2,1,0,1,0,0,0,0,0,0,0,0
Sunil Kumar,sunil kumar,3,0,0,0,0,1,0,0,0,0,0,0,0,0,33,33,2,0,0,0,0,0,1,0,0,0,0,0,0,0,0
BP Lahkar,bp lahkar,3,0,0,0,0,0,0,0,0,0,0,0,0,0,43,55,2,0,0,0,0,0,1,0,0,0,0,0,0,0,0
A Madhwal,a madhwal,3,0,2,0,0,1,1,1,1,0,0,0,0,0,42,79,1,0,0,3,0,0,0,0,0,0,0,0,0,0,0
VV Sharma,vv sharma,3,0,0,0,0,1,0,0,0,0,0,0,0,0,30,47,1,0,0,3,0,0,0,0,0,0,0,0,0,0,0
CV Varun,cv varun,3,0,1,0,0,1,1,1,1,0,0,0,0,0,48,81,1,0,0,1,0,0,0,0,0,0,0,0,0,0,0
M Markande,m markande,3,0,0,0,0,0,0,0,0,0,0,0,0,0,60,68,1,0,0,0,0,0,0,0,0,0,0,0,0,0,0
AA Tiwari,aa tiwari,3,0,1,0,0,1,1,1,1,0,0,0,0,0,42,56,0,0,0,0,0,0,0,0,0,0,0,0,0,0,0
Pappu Roy,pappu roy,3,0,1,0,0,1,1,1,1,0,0,0,0,0,44,91,0,0,0,1,1,0,0,0,0,0,0,0,0,0,0
YBK Jaiswal,ybk jaiswal,2,116,66,19,1,2,2,0,0,1,1,1,1,1,0,0,0,0,0,0,0,0,0,0,0,0,0,0,0,0,0
M Hemanth Reddy,m hemanth reddy,2,109,53,11,7,1,0,0,0,1,1,1,1,1,6,10,0,0,0,0,0,0,0,0,0,0,0,0,0,0,0
A Juyal,a juyal,2,102,62,11,4,2,1,0,0,1,1,1,1,0,0,0,0,0,0,0,0,0,0,0,0,0,0,0,0,0,0
YV Dhull,yv dhull,2,96,65,6,5,2,2,0,0,2,1,1,0,0,0,0,0,0,0,0,0,0,0,0,0,0,0,0,0,0,0
HH Pandya,hh pandya,2,87,48,9,4,2,1,0,0,1,1,1,0,0,0,0,0,0,0,0,0,0,0,0,0,0,0,0,0,0,0
MD Choudhary,md choudhary,2,87,37,3,9,2,1,0,0,2,1,1,0,0,0,0,0,0,0,0,0,0,0,0,0,0,0,0,0,0,0
Ravi Chauhan,ravi chauhan,2,84,46,13,2,2,2,0,0,2,1,0,0,0,0,0,0,0,0,0,0,0,0,0,0,0,0,0,0,0,0
KR Lamba,kr lamba,2,83,62,5,4,2,2,0,0,2,1,0,0,0,0,0,0,0,0,0,0,0,0,0,0,0,0,0,0,0,0
AD Suryavanshi,ad suryavanshi,2,81,47,8,4,2,1,0,0,1,1,1,0,0,0,0,0,0,0,0,0,0,0,0,0,0,0,0,0,0,0
N Johnson Singh,n johnson singh,2,75,62,8,1,2,1,1,1,1,1,1,0,0,0,0,0,0,0,0,0,0,0,0,0,0,0,0,0,0,0
Piyush K Singh,piyush k singh,2,74,75,5,1,2,2,0,0,1,1,0,0,0,0,0,0,0,0,0,0,0,0,0,0,0,0,0,0,0,0
P Chopra,p chopra,2,73,68,6,1,2,2,0,0,1,1,0,0,0,0,0,0,0,0,0,0,0,0,0,0,0,0,0,0,0,0
SJ Desai,sj desai,2,69,66,7,2,2,2,0,0,2,0,0,0,0,0,0,0,0,0,0,0,0,0,0,0,0,0,0,0,0,0
KP Singh,kp singh,2,68,35,3,6,2,2,0,1,1,1,1,0,0,0,0,0,0,0,0,0,0,0,0,0,0,0,0,0,0,0
RA Bawa,ra bawa,2,65,45,7,2,2,1,0,0,2,0,0,0,0,0,0,0,0,0,0,0,0,0,0,0,0,0,0,0,0,0
RA Tripathi,ra tripathi,2,63,49,7,1,2,1,0,0,2,0,0,0,0,0,0,0,0,0,0,0,0,0,0,0,0,0,0,0,0,0
SV Samson,sv samson,2,62,40,4,6,2,2,0,0,1,1,0,0,0,0,0,0,0,0,0,0,0,0,0,0,0,0,0,0,0,0
Neelam Obi,neelam obi,2,61,49,7,2,2,2,0,0,2,0,0,0,0,0,0,0,0,0,0,0,0,0,0,0,0,0,0,0,0,0
R Chouhan,r chouhan,2,53,52,7,0,2,2,0,0,1,1,0,0,0,0,0,0,0,0,0,0,0,0,0,0,0,0,0,0,0,0
RM Limboo,rm limboo,2,49,35,4,2,2,1,0,0,1,0,0,0,0,0,0,0,0,0,0,0,0,0,0,0,0,0,0,0,0,0
Qamran Iqbal,qamran iqbal,2,48,51,4,2,2,2,0,0,1,0,0,0,0,0,0,0,0,0,0,0,0,0,0,0,0,0,0,0,0,0
Sameer Rizvi,sameer rizvi,2,47,35,4,3,2,2,0,0,1,0,0,0,0,0,0,0,0,0,0,0,0,0,0,0,0,0,0,0,0,0
P Arya,p arya,2,43,25,7,1,2,2,0,0,1,0,0,0,0,0,0,0,0,0,0,0,0,0,0,0,0,0,0,0,0,0
L Vaghela,l vaghela,2,43,19,2,4,2,1,0,0,0,0,0,0,0,0,0,0,0,0,0,0,0,0,0,0,0,0,0,0,0,0
G Kochar,g kochar,2,42,29,5,2,2,2,0,0,0,0,0,0,0,0,0,0,0,0,0,0,0,0,0,0,0,0,0,0,0,0
RS Kunnummal,rs kunnummal,2,41,31,4,2,2,2,0,0,1,0,0,0,0,0,0,0,0,0,0,0,0,0,0,0,0,0,0,0,0,0
SA Ahuja,sa ahuja,2,41,30,5,1,2,2,0,1,1,0,0,0,0,0,0,0,0,0,0,0,0,0,0,0,0,0,0,0,0,0
Sunny Sandhu,sunny sandhu,2,41,15,4,3,2,2,0,0,1,0,0,0,0,0,0,0,0,0,0,0,0,0,0,0,0,0,0,0,0,0
VP Amit Sathvik,vp amit sathvik,2,39,28,5,1,2,2,0,0,0,0,0,0,0,0,0,0,0,0,0,0,0,0,0,0,0,0,0,0,0,0
ST Paul,st paul,2,38,23,6,1,2,2,0,0,1,0,0,0,0,0,0,0,0,0,0,0,0,0,0,0,0,0,0,0,0,0
K Hakap,k hakap,2,37,39,2,2,2,2,1,1,1,0,0,0,0,0,0,0,0,0,0,0,0,0,0,0,0,0,0,0,0,0
GH Vihari,gh vihari,2,37,23,6,1,2,2,0,1,1,0,0,0,0,0,0,0,0,0,0,0,0,0,0,0,0,0,0,0,0,0
Aarav Mahajan,aarav mahajan,2,37,23,1,3,2,1,0,0,1,0,0,0,0,0,0,0,0,0,0,0,0,0,0,0,0,0,0,0,0,0
Salman Nizar,salman nizar,2,34,32,0,2,2,1,0,0,0,0,0,0,0,0,0,0,0,0,0,0,0,0,0,0,0,0,0,0,0,0
Mohammad Saif,mohammad saif,2,34,24,3,2,2,2,0,1,1,0,0,0,0,0,0,0,0,0,0,0,0,0,0,0,0,0,0,0,0,0
ALR Lubana,alr lubana,2,31,26,3,1,2,1,0,1,1,0,0,0,0,0,0,0,0,0,0,0,0,0,0,0,0,0,0,0,0,0
Abdul Samad,abdul samad,2,30,30,1,1,2,2,0,0,0,0,0,0,0,0,0,0,0,0,0,0,0,0,0,0,0,0,0,0,0,0
YV Rathod,yv rathod,2,29,22,6,0,2,2,0,0,0,0,0,0,0,0,0,0,0,0,0,0,0,0,0,0,0,0,0,0,0,0
K Wadhawan,k wadhawan,2,29,27,3,0,2,1,0,0,0,0,0,0,0,0,0,0,0,0,0,0,0,0,0,0,0,0,0,0,0,0
Vishnu Vinod,vishnu vinod,2,29,21,1,2,2,1,0,0,0,0,0,0,0,0,0,0,0,0,0,0,0,0,0,0,0,0,0,0,0,0
BB Lather,bb lather,2,28,36,1,1,2,2,0,0,0,0,0,0,0,0,0,0,0,0,0,0,0,0,0,0,0,0,0,0,0,0
SP Khajuria,sp khajuria,2,26,26,2,0,2,2,1,1,1,0,0,0,0,0,0,0,0,0,0,0,0,0,0,0,0,0,0,0,0,0
Shivam Singh,shivam singh,2,25,28,2,0,2,2,0,1,0,0,0,0,0,0,0,0,0,0,0,0,0,0,0,0,0,0,0,0,0,0
Anuj Rawat,anuj rawat,2,24,17,3,0,2,1,0,0,0,0,0,0,0,0,0,0,0,0,0,0,0,0,0,0,0,0,0,0,0,0
VS Hathwala,vs hathwala,2,24,24,3,0,2,2,0,0,0,0,0,0,0,0,0,0,0,0,0,0,0,0,0,0,0,0,0,0,0,0
P Rana,p rana,2,24,24,1,1,2,2,1,1,0,0,0,0,0,0,0,0,0,0,0,0,0,0,0,0,0,0,0,0,0,0
Rahul Raj,rahul raj,2,24,28,4,0,2,2,0,1,0,0,0,0,0,0,0,0,0,0,0,0,0,0,0,0,0,0,0,0,0,0
R Bishnoi,r bishnoi,2,23,20,1,0,2,2,0,0,0,0,0,0,0,0,0,0,0,0,0,0,0,0,0,0,0,0,0,0,0,0
M Jangra,m jangra,2,22,12,1,2,1,1,0,0,0,0,0,0,0,18,35,1,0,0,1,0,0,0,0,0,0,0,0,0,0,0
K Agarwal,k agarwal,2,22,28,0,0,2,2,0,1,0,0,0,0,0,0,0,0,0,0,0,0,0,0,0,0,0,0,0,0,0,0
RA Patel,ra patel,2,22,21,2,1,2,2,0,1,0,0,0,0,0,0,0,0,0,0,0,0,0,0,0,0,0,0,0,0,0,0
Musaif Ajaz,musaif ajaz,2,21,26,1,1,2,2,0,1,0,0,0,0,0,0,0,0,0,0,0,0,0,0,0,0,0,0,0,0,0,0
Karkir Taye,karkir taye,2,21,21,1,1,1,1,0,0,0,0,0,0,0,18,26,0,0,0,0,0,0,0,0,0,0,0,0,0,0,0
M Jaiswal,m jaiswal,2,20,18,2,1,2,1,0,0,0,0,0,0,0,0,0,0,0,0,0,0,0,0,0,0,0,0,0,0,0,0
R Pratap Singh,r pratap singh,2,19,20,1,1,1,1,0,0,0,0,0,0,0,6,15,0,0,0,0,0,0,0,0,0,0,0,0,0,0,0
RG More,rg more,2,18,11,1,2,1,1,0,0,0,0,0,0,0,12,17,1,0,0,1,0,0,0,0,0,0,0,0,0,0,0
K Nitesh Reddy,k nitesh reddy,2,17,17,2,0,2,1,0,0,0,0,0,0,0,0,0,0,0,0,0,0,0,0,0,0,0,0,0,0,0,0
A Manohar,a manohar,2,16,10,3,0,2,2,0,0,0,0,0,0,0,0,0,0,0,0,0,0,0,0,0,0,0,0,0,0,0,0
Ankit Sharma,ankit sharma,2,15,11,2,0,1,0,0,0,0,0,0,0,0,6,11,0,0,0,0,0,0,0,0,0,0,0,0,0,0,0
D Nischal,d nischal,2,14,9,2,0,1,1,0,0,0,0,0,0,0,6,6,1,0,0,1,0,0,0,0,0,0,0,0,0,0,0
Sentu Sarkar,sentu sarkar,2,14,15,2,0,2,2,1,1,0,0,0,0,0,0,0,0,0,0,0,0,0,0,0,0,0,0,0,0,0,0
LT Sonia,lt sonia,2,13,16,1,0,2,1,0,0,0,0,0,0,0,0,0,0,0,0,0,0,0,0,0,0,0,0,0,0,0,0
Himmat Singh,himmat singh,2,12,7,0,1,2,1,0,1,0,0,0,0,0,0,0,0,0,0,0,0,0,0,0,0,0,0,0,0,0,0
DP Das,dp das,2,12,16,1,0,2,2,1,1,0,0,0,0,0,0,0,0,0,0,0,0,0,0,0,0,0,0,0,0,0,0
AC Ayachi,ac ayachi,2,11,12,1,0,1,0,0,0,0,0,0,0,0,18,26,1,0,0,1,0,0,0,0,0,0,0,0,0,0,0
Vivrant Sharma,vivrant sharma,2,11,12,1,0,2,2,1,1,0,0,0,0,0,0,0,0,0,0,0,0,0,0,0,0,0,0,0,0,0,0
Sandeep Sharma,sandeep sharma,2,11,13,1,0,1,1,0,0,0,0,0,0,0,18,10,0,0,0,0,0,0,0,0,0,0,0,0,0,0,0
MH Noronha,mh noronha,2,10,7,1,0,1,1,0,0,0,0,0,0,0,24,29,1,0,0,1,0,0,0,0,0,0,0,0,0,0,0
SSK Chaudhary,ssk chaudhary,2,10,11,1,0,2,1,0,1,0,0,0,0,0,0,0,0,0,0,0,0,0,0,0,0,0,0,0,0,0,0
SK Sangma,sk sangma,2,10,13,2,0,2,2,0,1,0,0,0,0,0,0,0,0,0,0,0,0,0,0,0,0,0,0,0,0,0,0
HK Simha,hk simha,2,10,16,1,0,2,2,0,1,0,0,0,0,0,0,0,0,0,0,0,0,0,0,0,0,0,0,0,0,0,0
Hiten Mehra,hiten mehra,2,10,8,1,0,2,2,0,1,0,0,0,0,0,0,0,0,0,0,0,0,0,0,0,0,0,0,0,0,0,0
L Manvanth Kumar,l manvanth kumar,2,9,4,0,1,1,1,0,0,0,0,0,0,0,24,37,1,0,0,3,0,0,0,0,0,0,0,0,0,0,0
KL Shrijith,kl shrijith,2,9,12,1,0,2,2,0,1,0,0,0,0,0,0,0,0,0,0,0,0,0,0,0,0,0,0,0,0,0,0
M Shahrukh Khan,m shahrukh khan,2,9,14,0,0,2,2,0,1,0,0,0,0,0,0,0,0,0,0,0,0,0,0,0,0,0,0,0,0,0,0
Kunal Yadav,kunal yadav,2,8,2,0,1,1,0,0,0,0,0,0,0,0,19,30,2,0,0,1,0,0,1,0,0,0,0,0,0,0,0
NN Bhute,nn bhute,2,8,5,0,1,1,0,0,0,0,0,0,0,0,18,27,0,0,0,0,0,0,0,0,0,0,0,0,0,0,0
TT Sania,tt sania,2,7,18,0,0,2,2,0,1,0,0,0,0,0,0,0,0,0,0,0,0,0,0,0,0,0,0,0,0,0,0
K Ajay Singh,k ajay singh,2,6,4,1,0,1,1,0,0,0,0,0,0,0,24,39,2,0,0,1,1,0,1,0,0,0,0,0,0,0,0
BR Sharath,br sharath,2,6,7,1,0,2,2,1,1,0,0,0,0,0,0,0,0,0,0,0,0,0,0,0,0,0,0,0,0,0,0
Siddarth Yadav,siddarth yadav,2,5,11,0,0,2,1,0,1,0,0,0,0,0,0,0,0,0,0,0,0,0,0,0,0,0,0,0,0,0,0
MK Dutta,mk dutta,2,4,9,0,0,1,0,0,0,0,0,0,0,0,18,25,1,0,0,0,1,0,0,0,0,0,0,0,0,0,0
T Vijay,t vijay,2,3,7,0,0,1,1,0,1,0,0,0,0,0,24,50,1,0,0,0,0,0,0,0,0,0,0,0,0,0,0
Ankur Malik,ankur malik,2,3,3,0,0,2,1,0,1,0,0,0,0,0,0,0,0,0,0,0,0,0,0,0,0,0,0,0,0,0,0
M Siddharth,m siddharth,2,2,3,0,0,1,0,0,0,0,0,0,0,0,24,24,1,0,0,0,0,0,0,0,0,0,0,0,0,0,0
RV Patel,rv patel,2,2,4,0,0,2,2,1,2,0,0,0,0,0,0,0,0,0,0,0,0,0,0,0,0,0,0,0,0,0,0
Mibom Mosu,mibom mosu,2,2,5,0,0,2,2,1,2,0,0,0,0,0,0,0,0,0,0,0,0,0,0,0,0,0,0,0,0,0,0
BD Kumar,bd kumar,2,2,4,0,0,1,1,0,1,0,0,0,0,0,6,8,0,0,0,0,0,0,0,0,0,0,0,0,0,0,0
DS Nongthombam,ds nongthombam,2,2,3,0,0,1,1,0,1,0,0,0,0,0,14,28,0,0,0,1,0,0,0,0,0,0,0,0,0,0,0
Dev Aditya Singh,dev aditya singh,2,1,2,0,0,1,1,0,1,0,0,0,0,0,19,16,2,0,0,2,0,0,1,0,0,0,0,0,0,0,0
SP Tari,sp tari,2,1,2,0,0,1,1,0,1,0,0,0,0,0,12,33,0,0,0,0,0,0,0,0,0,0,0,0,0,0,0
Ayush Gandhi,ayush gandhi,2,1,6,0,0,2,1,1,1,0,0,0,0,0,0,0,0,0,0,0,0,0,0,0,0,0,0,0,0,0,0
SS Paul,ss paul,2,1,4,0,0,1,1,0,1,0,0,0,0,0,12,33,0,0,0,2,0,0,0,0,0,0,0,0,0,0,0
Amanpreet Singh,amanpreet singh,2,1,4,0,0,1,1,0,1,0,0,0,0,0,6,10,0,0,0,0,0,0,0,0,0,0,0,0,0,0,0
SR Kumar,sr kumar,2,0,0,0,0,0,0,0,0,0,0,0,0,0,48,63,4,0,0,1,0,0,1,1,0,0,0,0,0,0,0
NA Saini,na saini,2,0,0,0,0,0,0,0,0,0,0,0,0,0,48,36,4,0,0,4,0,0,1,1,0,0,0,0,0,0,0
Amit Kumar,amit kumar,2,0,0,0,0,0,0,0,0,0,0,0,0,0,36,50,3,0,0,3,0,0,1,0,0,0,0,0,0,0,0
A Panwar,a panwar,2,0,0,0,0,0,0,0,0,0,0,0,0,0,46,69,3,0,0,3,0,0,1,0,0,0,0,0,0,0,0
H Bisht,h bisht,2,0,0,0,0,0,0,0,0,0,0,0,0,0,30,63,2,0,0,2,0,0,1,0,0,0,0,0,0,0,0
I Sharma,i sharma,2,0,0,0,0,0,0,0,0,0,0,0,0,0,41,64,2,0,0,3,0,0,1,0,0,0,0,0,0,0,0
YS Chahal,ys chahal,2,0,0,0,0,0,0,0,0,0,0,0,0,0,42,63,2,0,0,3,0,0,1,0,0,0,0,0,0,0,0
Divesh Sharma,divesh sharma,2,0,0,0,0,0,0,0,0,0,0,0,0,0,36,62,2,0,0,2,0,0,1,0,0,0,0,0,0,0,0
Gourav Choudhary,gourav choudhary,2,0,0,0,0,0,0,0,0,0,0,0,0,0,30,43,2,0,0,2,0,0,1,0,0,0,0,0,0,0,0
PR Rekhade,pr rekhade,2,0,3,0,0,1,1,1,1,0,0,0,0,0,24,47,1,0,0,0,0,0,0,0,0,0,0,0,0,0,0
P Akash,p akash,2,0,0,0,0,0,0,0,0,0,0,0,0,0,18,22,1,0,0,0,0,0,0,0,0,0,0,0,0,0,0
MM Raj,mm raj,2,0,0,0,0,0,0,0,0,0,0,0,0,0,24,49,1,0,0,3,0,0,0,0,0,0,0,0,0,0,0
Simarjeet Singh,simarjeet singh,2,0,0,0,0,0,0,0,0,0,0,0,0,0,42,98,1,0,0,3,0,0,0,0,0,0,0,0,0,0,0
B Yeswanth,b yeswanth,2,0,0,0,0,0,0,0,0,0,0,0,0,0,45,36,1,0,0,1,0,0,0,0,0,0,0,0,0,0,0
R Goyal,r goyal,2,0,0,0,0,0,0,0,0,0,0,0,0,0,30,40,1,0,0,0,1,0,0,0,0,0,0,0,0,0,0
Himanshu Singh,himanshu singh,2,0,0,0,0,0,0,0,0,0,0,0,0,0,24,49,1,0,0,1,0,0,0,0,0,0,0,0,0,0,0
DKS Mohanty,dks mohanty,2,0,0,0,0,0,0,0,0,0,0,0,0,0,24,38,1,0,0,2,0,0,0,0,0,0,0,0,0,0,0
NB Narayanan,nb narayanan,2,0,0,0,0,0,0,0,0,0,0,0,0,0,36,41,1,0,0,1,0,0,0,0,0,0,0,0,0,0,0
J Goyat,j goyat,2,0,0,0,0,0,0,0,0,0,0,0,0,0,24,63,0,0,0,0,0,0,0,0,0,0,0,0,0,0,0
RS Ghosh,rs ghosh,2,0,0,0,0,0,0,0,0,0,0,0,0,0,24,47,0,0,0,3,0,0,0,0,0,0,0,0,0,0,0
Ashish Srivastav,ashish srivastav,2,0,0,0,0,0,0,0,0,0,0,0,0,0,30,55,0,0,0,1,0,0,0,0,0,0,0,0,0,0,0
Gagandeep Singh,gagandeep singh,2,0,2,0,0,1,1,1,1,0,0,0,0,0,23,29,0,0,0,0,0,0,0,0,0,0,0,0,0,0,0
MS Redkar,ms redkar,2,0,0,0,0,0,0,0,0,0,0,0,0,0,18,56,0,0,0,1,1,0,0,0,0,0,0,0,0,0,0
Yab Niya,yab niya,2,0,0,0,0,0,0,0,0,0,0,0,0,0,24,34,0,0,0,1,0,0,0,0,0,0,0,0,0,0,0
SR Nishad,sr nishad,2,0,2,0,0,1,1,1,1,0,0,0,0,0,12,24,0,0,0,0,0,0,0,0,0,0,0,0,0,0,0
Saurabh Shekhar,saurabh shekhar,2,0,0,0,0,0,0,0,0,0,0,0,0,0,30,48,0,0,0,4,1,0,0,0,0,0,0,0,0,0,0
J Anderson,j anderson,1,82,55,7,3,1,0,0,0,1,1,1,1,0,0,0,0,0,0,0,0,0,0,0,0,0,0,0,0,0,0
Harnoor Singh,harnoor singh,1,64,36,5,3,1,1,0,0,1,1,1,0,0,0,0,0,0,0,0,0,0,0,0,0,0,0,0,0,0,0
E Sen,e sen,1,56,38,6,2,1,1,0,0,1,1,0,0,0,0,0,0,0,0,0,0,0,0,0,0,0,0,0,0,0,0
KR Pathak,kr pathak,1,51,29,5,4,1,1,0,0,1,1,0,0,0,0,0,0,0,0,0,0,0,0,0,0,0,0,0,0,0,0
J Lalthankhuma,j lalthankhuma,1,38,30,2,1,1,0,0,0,1,0,0,0,0,0,0,0,0,0,0,0,0,0,0,0,0,0,0,0,0,0
S Rupero,s rupero,1,34,26,4,0,1,1,0,0,1,0,0,0,0,0,0,0,0,0,0,0,0,0,0,0,0,0,0,0,0,0
CD Bist,cd bist,1,31,17,3,1,1,1,0,0,1,0,0,0,0,0,0,0,0,0,0,0,0,0,0,0,0,0,0,0,0,0
HB Chetri,hb chetri,1,29,24,3,1,1,1,0,0,1,0,0,0,0,0,0,0,0,0,0,0,0,0,0,0,0,0,0,0,0,0
S Rithik Easwaran,s rithik easwaran,1,29,17,2,2,1,1,0,0,1,0,0,0,0,0,0,0,0,0,0,0,0,0,0,0,0,0,0,0,0,0
PK Garg,pk garg,1,28,14,2,2,1,1,0,0,1,0,0,0,0,0,0,0,0,0,0,0,0,0,0,0,0,0,0,0,0,0
UR Kumar,ur kumar,1,28,20,3,1,1,0,0,0,1,0,0,0,0,0,0,0,0,0,0,0,0,0,0,0,0,0,0,0,0,0
PP Raju,pp raju,1,25,25,0,2,1,1,0,0,1,0,0,0,0,0,0,0,0,0,0,0,0,0,0,0,0,0,0,0,0,0
Yash Arora,yash arora,1,25,33,1,0,1,1,0,0,1,0,0,0,0,0,0,0,0,0,0,0,0,0,0,0,0,0,0,0,0,0
SK Gouda,sk gouda,1,24,16,4,0,1,1,0,0,0,0,0,0,0,0,0,0,0,0,0,0,0,0,0,0,0,0,0,0,0,0
T Dahiya,t dahiya,1,23,20,1,1,1,1,0,0,0,0,0,0,0,0,0,0,0,0,0,0,0,0,0,0,0,0,0,0,0,0
A Bhanu Anand,a bhanu anand,1,23,13,1,2,1,1,0,0,0,0,0,0,0,0,0,0,0,0,0,0,0,0,0,0,0,0,0,0,0,0
L Jhon,l jhon,1,22,14,1,2,1,1,0,0,0,0,0,0,0,0,0,0,0,0,0,0,0,0,0,0,0,0,0,0,0,0
S Chettri,s chettri,1,20,27,1,0,1,1,0,0,0,0,0,0,0,0,0,0,0,0,0,0,0,0,0,0,0,0,0,0,0,0
RM Sen,rm sen,1,19,22,2,1,1,1,0,0,0,0,0,0,0,0,0,0,0,0,0,0,0,0,0,0,0,0,0,0,0,0
SPP Samal,spp samal,1,18,10,3,0,1,1,0,0,0,0,0,0,0,0,0,0,0,0,0,0,0,0,0,0,0,0,0,0,0,0
SU Parakh,su parakh,1,18,14,3,0,1,1,0,0,0,0,0,0,0,0,0,0,0,0,0,0,0,0,0,0,0,0,0,0,0,0
GM Choudhury,gm choudhury,1,17,10,3,0,1,1,0,0,0,0,0,0,0,0,0,0,0,0,0,0,0,0,0,0,0,0,0,0,0,0
BB Lalwani,bb lalwani,1,17,14,1,0,1,1,0,0,0,0,0,0,0,0,0,0,0,0,0,0,0,0,0,0,0,0,0,0,0,0
RM Chouhan,rm chouhan,1,17,11,4,0,1,1,0,0,0,0,0,0,0,0,0,0,0,0,0,0,0,0,0,0,0,0,0,0,0,0
SP Senapati,sp senapati,1,16,14,1,1,1,1,0,0,0,0,0,0,0,0,0,0,0,0,0,0,0,0,0,0,0,0,0,0,0,0
R Harish Kumar,r harish kumar,1,15,17,1,0,1,0,0,0,0,0,0,0,0,0,0,0,0,0,0,0,0,0,0,0,0,0,0,0,0,0
Y Dongare,y dongare,1,14,11,2,0,1,1,0,0,0,0,0,0,0,0,0,0,0,0,0,0,0,0,0,0,0,0,0,0,0,0
J Lalbiakkima,j lalbiakkima,1,14,14,1,1,1,1,0,0,0,0,0,0,0,0,0,0,0,0,0,0,0,0,0,0,0,0,0,0,0,0
M Andyroshan,m andyroshan,1,13,9,2,0,1,1,0,0,0,0,0,0,0,0,0,0,0,0,0,0,0,0,0,0,0,0,0,0,0,0
M Singpho,m singpho,1,12,10,1,1,1,1,0,0,0,0,0,0,0,0,0,0,0,0,0,0,0,0,0,0,0,0,0,0,0,0
Ahammed Imran,ahammed imran,1,12,15,1,0,1,1,0,0,0,0,0,0,0,0,0,0,0,0,0,0,0,0,0,0,0,0,0,0,0,0
Abhishek Goswami,abhishek goswami,1,12,5,1,1,1,1,0,0,0,0,0,0,0,0,0,0,0,0,0,0,0,0,0,0,0,0,0,0,0,0
I Mahajan,i mahajan,1,12,8,1,1,1,1,0,0,0,0,0,0,0,0,0,0,0,0,0,0,0,0,0,0,0,0,0,0,0,0
Tai Magung,tai magung,1,11,11,2,0,1,1,0,0,0,0,0,0,0,0,0,0,0,0,0,0,0,0,0,0,0,0,0,0,0,0
TB Jaiswal,tb jaiswal,1,11,10,1,1,1,1,0,0,0,0,0,0,0,0,0,0,0,0,0,0,0,0,0,0,0,0,0,0,0,0
GB Poddar,gb poddar,1,10,13,0,0,1,1,0,0,0,0,0,0,0,0,0,0,0,0,0,0,0,0,0,0,0,0,0,0,0,0
U Khwairakpam,u khwairakpam,1,10,10,1,0,1,1,0,0,0,0,0,0,0,0,0,0,0,0,0,0,0,0,0,0,0,0,0,0,0,0
Dado Tachung,dado tachung,1,10,6,1,0,1,1,0,0,0,0,0,0,0,0,0,0,0,0,0,0,0,0,0,0,0,0,0,0,0,0
Aditya Mukesh,aditya mukesh,1,10,10,1,0,1,1,0,0,0,0,0,0,0,0,0,0,0,0,0,0,0,0,0,0,0,0,0,0,0,0
SA Hussain,sa hussain,1,10,6,1,1,1,0,0,0,0,0,0,0,0,0,0,0,0,0,0,0,0,0,0,0,0,0,0,0,0,0
LJ Singh,lj singh,1,10,10,2,0,1,1,0,0,0,0,0,0,0,0,0,0,0,0,0,0,0,0,0,0,0,0,0,0,0,0
Nagaho Chishi,nagaho chishi,1,9,10,1,0,1,0,0,0,0,0,0,0,0,0,0,0,0,0,0,0,0,0,0,0,0,0,0,0,0,0
Bhavesh Seth,bhavesh seth,1,9,6,0,1,1,1,0,0,0,0,0,0,0,0,0,0,0,0,0,0,0,0,0,0,0,0,0,0,0,0
JN Kalita,jn kalita,1,9,17,0,0,1,1,0,0,0,0,0,0,0,0,0,0,0,0,0,0,0,0,0,0,0,0,0,0,0,0
AR Desai,ar desai,1,9,22,0,0,1,1,0,0,0,0,0,0,0,0,0,0,0,0,0,0,0,0,0,0,0,0,0,0,0,0
S Rawat,s rawat,1,8,5,2,0,1,1,0,0,0,0,0,0,0,0,0,0,0,0,0,0,0,0,0,0,0,0,0,0,0,0
Mohammed Mustaque,mohammed mustaque,1,8,12,0,0,1,1,0,0,0,0,0,0,0,0,0,0,0,0,0,0,0,0,0,0,0,0,0,0,0,0
Sachin K Singh,sachin k singh,1,8,6,1,0,1,1,0,0,0,0,0,0,0,0,0,0,0,0,0,0,0,0,0,0,0,0,0,0,0,0
S Satrujit,s satrujit,1,7,10,0,0,1,1,0,0,0,0,0,0,0,0,0,0,0,0,0,0,0,0,0,0,0,0,0,0,0,0
A Malakar,a malakar,1,7,5,0,1,1,1,0,0,0,0,0,0,0,0,0,0,0,0,0,0,0,0,0,0,0,0,0,0,0,0
S Chaubey,s chaubey,1,7,10,0,0,1,1,0,0,0,0,0,0,0,0,0,0,0,0,0,0,0,0,0,0,0,0,0,0,0,0
JB Ozukum,jb ozukum,1,6,6,0,1,1,1,0,0,0,0,0,0,0,0,0,0,0,0,0,0,0,0,0,0,0,0,0,0,0,0
CCR Mapu,ccr mapu,1,6,7,0,0,1,1,0,0,0,0,0,0,0,0,0,0,0,0,0,0,0,0,0,0,0,0,0,0,0,0
Ankush Singh,ankush singh,1,6,6,0,1,1,1,0,0,0,0,0,0,0,0,0,0,0,0,0,0,0,0,0,0,0,0,0,0,0,0
Lee Yong Lepcha,lee yong lepcha,1,6,7,0,0,1,0,0,0,0,0,0,0,0,0,0,0,0,0,0,0,0,0,0,0,0,0,0,0,0,0
IP Gadekar,ip gadekar,1,5,7,1,0,1,1,0,1,0,0,0,0,0,0,0,0,0,0,0,0,0,0,0,0,0,0,0,0,0,0
S Mohamed Ali,s mohamed ali,1,5,2,1,0,1,0,0,0,0,0,0,0,0,0,0,0,0,0,0,0,0,0,0,0,0,0,0,0,0,0
SD Lad,sd lad,1,5,9,0,0,1,1,0,1,0,0,0,0,0,0,0,0,0,0,0,0,0,0,0,0,0,0,0,0,0,0
Mohammed Siraj,mohammed siraj,1,5,10,0,0,1,1,0,1,0,0,0,0,0,0,0,0,0,0,0,0,0,0,0,0,0,0,0,0,0,0
Lucky Farman Khan,lucky farman khan,1,4,6,1,0,1,1,0,1,0,0,0,0,0,0,0,0,0,0,0,0,0,0,0,0,0,0,0,0,0,0
N Thoiba,n thoiba,1,4,8,0,0,1,1,0,1,0,0,0,0,0,0,0,0,0,0,0,0,0,0,0,0,0,0,0,0,0,0
MS Bhandari,ms bhandari,1,4,11,0,0,1,1,0,1,0,0,0,0,0,0,0,0,0,0,0,0,0,0,0,0,0,0,0,0,0,0
AN Garhwal,an garhwal,1,4,3,1,0,1,1,0,1,0,0,0,0,0,0,0,0,0,0,0,0,0,0,0,0,0,0,0,0,0,0
Sanyam Saini,sanyam saini,1,4,8,0,0,1,1,0,1,0,0,0,0,0,0,0,0,0,0,0,0,0,0,0,0,0,0,0,0,0,0
Arun Kumar,arun kumar,1,3,5,0,0,1,1,0,1,0,0,0,0,0,0,0,0,0,0,0,0,0,0,0,0,0,0,0,0,0,0
H Parab,h parab,1,3,5,0,0,1,0,0,0,0,0,0,0,0,0,0,0,0,0,0,0,0,0,0,0,0,0,0,0,0,0
VN Kumar,vn kumar,1,2,2,0,0,1,0,0,0,0,0,0,0,0,0,0,0,0,0,0,0,0,0,0,0,0,0,0,0,0,0
Satyam Maurya,satyam maurya,1,2,2,0,0,1,0,0,0,0,0,0,0,0,0,0,0,0,0,0,0,0,0,0,0,0,0,0,0,0,0
R Jashwanth Shreeram,r jashwanth shreeram,1,2,4,0,0,1,1,0,1,0,0,0,0,0,0,0,0,0,0,0,0,0,0,0,0,0,0,0,0,0,0
SS Sutradhar,ss sutradhar,1,2,4,0,0,1,1,0,1,0,0,0,0,0,0,0,0,0,0,0,0,0,0,0,0,0,0,0,0,0,0
P Tamang,p tamang,1,2,3,0,0,1,1,0,1,0,0,0,0,0,0,0,0,0,0,0,0,0,0,0,0,0,0,0,0,0,0
Abhishek Gupta,abhishek gupta,1,1,3,0,0,1,1,0,1,0,0,0,0,0,0,0,0,0,0,0,0,0,0,0,0,0,0,0,0,0,0
MS Grewal,ms grewal,1,1,1,0,0,1,0,0,0,0,0,0,0,0,0,0,0,0,0,0,0,0,0,0,0,0,0,0,0,0,0
BJ Mylliemngap,bj mylliemngap,1,1,4,0,0,1,1,0,1,0,0,0,0,0,0,0,0,0,0,0,0,0,0,0,0,0,0,0,0,0,0
SN Laiphangbam,sn laiphangbam,1,1,2,0,0,1,1,0,1,0,0,0,0,0,0,0,0,0,0,0,0,0,0,0,0,0,0,0,0,0,0
Harsh Vardhan,harsh vardhan,1,1,2,0,0,1,1,0,1,0,0,0,0,0,0,0,0,0,0,0,0,0,0,0,0,0,0,0,0,0,0
SS Ghosh,ss ghosh,1,1,1,0,0,1,0,0,0,0,0,0,0,0,0,0,0,0,0,0,0,0,0,0,0,0,0,0,0,0,0
Pukhraj Mann,pukhraj mann,1,1,2,0,0,1,1,0,1,0,0,0,0,0,0,0,0,0,0,0,0,0,0,0,0,0,0,0,0,0,0
SD Patel,sd patel,1,0,0,0,0,0,0,0,0,0,0,0,0,0,24,37,2,0,0,1,0,0,1,0,0,0,0,0,0,0,0
Mangesh Yadav,mangesh yadav,1,0,0,0,0,0,0,0,0,0,0,0,0,0,18,38,2,0,0,3,0,0,1,0,0,0,0,0,0,0,0
KB Fuletra,kb fuletra,1,0,0,0,0,0,0,0,0,0,0,0,0,0,19,30,1,0,0,0,0,0,0,0,0,0,0,0,0,0,0
AH Thakral,ah thakral,1,0,0,0,0,0,0,0,0,0,0,0,0,0,24,21,1,0,0,3,0,0,0,0,0,0,0,0,0,0,0
Naveen Kumar Singh,naveen kumar singh,1,0,0,0,0,0,0,0,0,0,0,0,0,0,7,26,1,0,0,0,0,0,0,0,0,0,0,0,0,0,0
NK Kanwar,nk kanwar,1,0,0,0,0,0,0,0,0,0,0,0,0,0,18,19,1,0,0,1,0,0,0,0,0,0,0,0,0,0,0
AK Yadav,ak yadav,1,0,0,0,0,0,0,0,0,0,0,0,0,0,12,22,1,0,0,1,0,0,0,0,0,0,0,0,0,0,0
PP Hinge,pp hinge,1,0,0,0,0,0,0,0,0,0,0,0,0,0,24,23,1,0,0,1,0,0,0,0,0,0,0,0,0,0,0
CH Gandhi,ch gandhi,1,0,0,0,0,0,0,0,0,0,0,0,0,0,24,29,1,0,0,0,0,0,0,0,0,0,0,0,0,0,0
A Aravinddaraj,a aravinddaraj,1,0,0,0,0,0,0,0,0,0,0,0,0,0,12,29,0,0,0,0,0,0,0,0,0,0,0,0,0,0,0
H Sharma,h sharma,1,0,0,0,0,0,0,0,0,0,0,0,0,0,12,27,0,0,0,0,0,0,0,0,0,0,0,0,0,0,0
Nawaz Khan,nawaz khan,1,0,6,0,0,1,0,0,0,0,0,0,0,0,0,0,0,0,0,0,0,0,0,0,0,0,0,0,0,0,0
Jainath Mansingh,jainath mansingh,1,0,3,0,0,1,1,1,1,0,0,0,0,0,0,0,0,0,0,0,0,0,0,0,0,0,0,0,0,0,0
GS Sargun,gs sargun,1,0,0,0,0,1,1,1,1,0,0,0,0,0,0,0,0,0,0,0,0,0,0,0,0,0,0,0,0,0,0
Arjit Pannu,arjit pannu,1,0,6,0,0,1,1,1,1,0,0,0,0,0,0,0,0,0,0,0,0,0,0,0,0,0,0,0,0,0,0
Amarjeet Sharma,amarjeet sharma,1,0,0,0,0,0,0,0,0,0,0,0,0,0,12,18,0,0,0,0,0,0,0,0,0,0,0,0,0,0,0
AG Rao,ag rao,1,0,0,0,0,0,0,0,0,0,0,0,0,0,4,4,0,0,0,1,0,0,0,0,0,0,0,0,0,0,0
V Bhardwaj,v bhardwaj,1,0,0,0,0,0,0,0,0,0,0,0,0,0,6,13,0,0,0,1,0,0,0,0,0,0,0,0,0,0,0
PM Datey,pm datey,1,0,0,0,0,0,0,0,0,0,0,0,0,0,11,24,0,0,0,1,0,0,0,0,0,0,0,0,0,0,0
MK Mahrour,mk mahrour,1,0,5,0,0,1,1,1,1,0,0,0,0,0,0,0,0,0,0,0,0,0,0,0,0,0,0,0,0,0,0
SP Udeshi,sp udeshi,1,0,0,0,0,0,0,0,0,0,0,0,0,0,12,23,0,0,0,0,0,0,0,0,0,0,0,0,0,0,0
SS Hossain,ss hossain,1,0,0,0,0,0,0,0,0,0,0,0,0,0,18,30,0,0,0,2,1,0,0,0,0,0,0,0,0,0,0
Sali Samson,sali samson,1,0,0,0,0,0,0,0,0,0,0,0,0,0,18,25,0,0,0,2,0,0,0,0,0,0,0,0,0,0,0
Y Chudasama,y chudasama,1,0,0,0,0,0,0,0,0,0,0,0,0,0,17,25,0,0,0,1,0,0,0,0,0,0,0,0,0,0,0
VA Arora,va arora,1,0,0,0,0,0,0,0,0,0,0,0,0,0,3,10,0,0,0,1,0,0,0,0,0,0,0,0,0,0,0
R Ragavan,r ragavan,1,0,3,0,0,1,1,1,1,0,0,0,0,0,0,0,0,0,0,0,0,0,0,0,0,0,0,0,0,0,0
P Thamaraikannan,p thamaraikannan,1,0,1,0,0,1,1,1,1,0,0,0,0,0,0,0,0,0,0,0,0,0,0,0,0,0,0,0,0,0,0
Mukesh Kumar,mukesh kumar,1,0,2,0,0,1,0,0,0,0,0,0,0,0,0,0,0,0,0,0,0,0,0,0,0,0,0,0,0,0,0
Mohamed Safeequddin,mohamed safeequddin,1,0,0,0,0,0,0,0,0,0,0,0,0,0,12,15,0,0,0,1,0,0,0,0,0,0,0,0,0,0,0
Mayank Yadav,mayank yadav,1,0,0,0,0,0,0,0,0,0,0,0,0,0,12,26,0,0,0,1,0,0,0,0,0,0,0,0,0,0,0
Mayank Rawat,mayank rawat,1,0,0,0,0,0,0,0,0,0,0,0,0,0,6,4,0,0,0,0,0,0,0,0,0,0,0,0,0,0,0
AK Debnath,ak debnath,1,0,0,0,0,0,0,0,0,0,0,0,0,0,6,14,0,0,0,0,0,0,0,0,0,0,0,0,0,0,0
CK Paul,ck paul,1,0,0,0,0,0,0,0,0,0,0,0,0,0,12,17,0,0,0,0,0,0,0,0,0,0,0,0,0,0,0
DB Patel,db patel,1,0,0,0,0,0,0,0,0,0,0,0,0,0,18,45,0,0,0,2,0,0,0,0,0,0,0,0,0,0,0
Harsh Tyagi,harsh tyagi,1,0,0,0,0,0,0,0,0,0,0,0,0,0,18,31,0,0,0,0,0,0,0,0,0,0,0,0,0,0,0
RS Golada,rs golada,1,0,2,0,0,1,1,1,1,0,0,0,0,0,0,0,0,0,0,0,0,0,0,0,0,0,0,0,0,0,0
RS Harikant,rs harikant,1,0,2,0,0,1,1,1,1,0,0,0,0,0,0,0,0,0,0,0,0,0,0,0,0,0,0,0,0,0,0
VY Sharma,vy sharma,1,0,0,0,0,0,0,0,0,0,0,0,0,0,12,17,0,0,0,1,0,0,0,0,0,0,0,0,0,0,0
TK Kotian,tk kotian,1,0,0,0,0,0,0,0,0,0,0,0,0,0,18,28,0,0,0,1,0,0,0,0,0,0,0,0,0,0,0
Jassinder Singh,jassinder singh,1,0,0,0,0,1,0,0,0,0,0,0,0,0,0,0,0,0,0,0,0,0,0,0,0,0,0,0,0,0,0
Hemant Kumar,hemant kumar,1,0,0,0,0,0,0,0,0,0,0,0,0,0,19,45,0,0,0,2,1,0,0,0,0,0,0,0,0,0,0
